id#,newweigh,first_ma,reminder,resend,date_ret,group_#,city,st,stcode,poolstcd,zip_code,trailhea,date_con,sumfall,time_of,entering,wilderne,overnigh,length_o,lengcats,outfitte,type_of,hikehors,stocknum,stockcat,numnons,reason_f,visitbef,prvsvist,aware_of,affect_p,how,v28,v29,natural,remotnes,scenic_b,hunting,fishing,recent_f,test_ski,familiar,variety,friend_s,date_of,age,agecats,educatio,female,filter_$
2000,1.215,13-JUL-2004,24.07.2004,07-AUG-2004,9/16/04,1,Troy,MT,1,1,59935,12,18-JUN-2004,1,1900,2,1,1,7,5,2,2,2,7,3,1,Mentally impared,2,0,1,2,,2,,1,1,2,1,1,1,3,2,2,1,50,54,54,88,2,1
2001,1.215,13-JUL-2004,24.07.2004,07-AUG-2004,9/16/04,1,Troy,MT,1,1,59935,12,18-JUN-2004,1,1900,2,1,1,7,5,2,2,2,88,88,88,,2,0,1,2,,2,,1,1,2,1,1,1,3,2,2,1,52,52,52,88,1,1
2002,1.215,13-JUL-2004,,,7/19/04,2,Kalispell,MT,1,1,59901,12,18-JUN-2004,1,2000,1,1,1,2,2,2,1,1,0,0,0,,1,12,1,1,The area was basically shut down there was so much caution,2,,3,3,3,2,3,1,2,3,1,2,81,23,23,16,2,0
2003,1.215,13-JUL-2004,24.07.2004,,7/26/04,2,Kalispell,MT,1,1,59901,12,18-JUN-2004,1,2000,1,1,1,2,2,2,1,1,88,88,88,,1,10,1,2,,2,,3,3,3,3,3,1,2,2,2,2,82,22,22,16,2,0
2004,1.215,13-JUL-2004,24.07.2004,07-AUG-2004,8/9/04,3,Florance,MT,1,1,59833,12,18-JUN-2004,1,2030,2,1,1,1,2,2,2,2,5,2,0,,2,0,1,2,,2,,2,3,3,3,3,2,2,2,2,2,61,43,43,14,2,1
2005,1.215,13-JUL-2004,24.07.2004,07-AUG-2004,,3,Missoula,MT,1,1,59801,12,18-JUN-2004,1,2030,2,1,1,1,2,2,2,2,88,88,88,,1,3,1,2,,2,,3,3,3,1,3,1,1,3,1,1,63,41,41,16,2,1
2006,1.215,13-JUL-2004,24.07.2004,07-AUG-2004,,3,Ronan,MT,1,1,59864,12,18-JUN-2004,1,2030,2,1,1,1,2,2,2,2,88,88,88,,1,10,1,2,,2,,3,3,3,3,3,2,2,2,2,2,77,27,27,12,2,1
2007,1.215,13-JUL-2004,24.07.2004,,7/26/04,4,Lincoln,MT,1,1,59639,12,19-JUN-2004,1,900,1,1,1,7,5,1,4,0,0,0,2,1,2,0,1,2,,2,,3,3,3,2,3,1,2,1,3,1,65,39,39,16,1,
2008,1.215,13-JUL-2004,24.07.2004,,7/26/04,4,Lincoln,MT,1,1,59639,12,19-JUN-2004,1,900,1,1,1,7,5,1,4,0,88,88,88,,1,6,1,2,,2,,3,3,3,3,3,1,2,1,3,1,63,41,41,13,2,
2009,1.215,13-JUL-2004,24.07.2004,07-AUG-2004,,6,Whitefish,MT,1,1,59937,12,19-JUN-2004,1,1215,1,2,2,0,1,2,1,1,0,0,2,did not want to participate,1,9,1,1,"Could not have (camp) fires, roads closed",2,not yet,3,3,3,3,3,3,3,3,3,3,82,22,22,13,2,0
2010,1.215,13-JUL-2004,24.07.2004,,8/5/04,12,Washington,VA,2,2,22747,12,20-JUN-2004,1,1220,1,2,2,0,1,2,1,1,88,88,88,,1,360,1,2,,2,,3,3,3,3,3,1,2,2,2,1,68,36,36,16,1,0
2011,1.215,13-JUL-2004,24.07.2004,07-AUG-2004,,18,Wolf Creek,MT,1,1,59648,6,22-JUN-2004,1,900,1,1,2,0,1,2,1,1,0,0,0,,1,2,1,2,,1,Came to see the effects of the fire on the ecosystem,3,3,3,1,2,2,2,1,3,1,71,33,33,13,2,0
2012,1.215,13-JUL-2004,24.07.2004,07-AUG-2004,,18,Wolf Creek,MT,1,1,59648,6,22-JUN-2004,1,900,1,1,2,0,1,2,1,1,88,88,88,,1,0,1,2,,2,,2,3,3,1,3,1,2,1,2,1,88,,,16,2,0
2013,1.215,13-JUL-2004,24.07.2004,,8/2/04,25,Duluth,MN,2,2,55803,6,24-JUN-2004,1,941,1,1,2,0,1,2,1,1,0,0,2,under16,2,0,1,2,,2,,3,3,3,1,2,1,1,1,3,2,62,42,42,17,1,0
2014,1.215,13-JUL-2004,,,7/20/04,25,Duluth,MN,2,2,55803,6,24-JUN-2004,1,941,1,1,2,0,1,2,1,1,88,88,88,,1,10,1,2,,2,,3,3,3,1,2,1,1,2,2,1,61,43,43,17,2,0
2015,0.6075,13-JUL-2004,24.07.2004,,7/29/04,30,Kila,MT,1,1,59920,3,28-JUN-2004,1,1600,1,1,1,4,3,2,2,2,3,2,0,,1,10,1,1,we didn't take any trips into the Bob from july onward,2,,2,2,3,1,1,1,2,1,3,1,71,33,33,16,1,1
2016,0.6075,13-JUL-2004,24.07.2004,,7/29/04,30,Kila,MT,1,1,59920,3,28-JUN-2004,1,1600,1,1,1,4,3,2,2,2,88,88,88,,1,100,1,2,,2,,2,2,2,1,1,1,1,2,2,2,47,57,57,12,1,1
2017,0.6075,13-JUL-2004,24.07.2004,,8/5/04,31,Cheney,WA,3,3,99004,3,28-JUN-2004,1,1755,2,1,1,3,3,2,1,1,0,0,0,,1,6,1,2,,2,,3,3,1,2,2,1,2,1,1,1,65,39,39,15,2,0
2018,0.6075,13-JUL-2004,24.07.2004,07-AUG-2004,,31,Laurel,MD,2,2,20707,3,28-JUN-2004,1,1755,2,1,1,3,3,2,1,1,88,88,88,,2,0,2,88,,88,,3,3,2,2,3,1,2,1,2,3,86,18,18,12,2,0
2019,0.6075,13-JUL-2004,24.07.2004,07-AUG-2004,8/26/04,31,Redwood City,CA,5,4,94062,3,28-JUN-2004,1,1755,2,1,1,3,3,2,1,1,88,88,88,,1,1,2,88,,88,,3,3,2,1,3,1,2,1,2,3,86,18,18,12,2,0
2020,0.6075,13-JUL-2004,24.07.2004,,7/26/04,34,Stevensville,MT,1,1,59870,3,29-JUN-2004,1,1422,2,1,1,28,5,2,2,2,4,2,0,,1,20,1,1,I had to leave the area I was planning on camping in,2,,3,3,3,1,1,1,1,3,2,1,57,47,47,12,1,1
2021,0.6075,13-JUL-2004,24.07.2004,,7/30/04,38,Stevensville,MT,1,1,59870,3,30-JUN-2004,1,930,2,1,1,5,4,2,2,2,5,2,0,,1,7,1,2,,2,,2,3,3,1,2,1,2,1,3,2,73,31,31,16,1,1
2022,0.6075,13-JUL-2004,24.07.2004,07-AUG-2004,8/6/04,38,Stevensville,MT,1,1,59870,3,30-JUN-2004,1,930,2,1,1,5,4,2,2,2,88,88,88,,1,7,2,88,,88,,3,3,3,2,3,1,2,1,3,2,66,38,38,12,2,1
2023,0.6075,13-JUL-2004,,,7/19/04,41,Billings,MT,1,1,59105,3,30-JUN-2004,1,1500,2,1,1,3,3,2,2,2,3,2,0,,1,3,1,1,changed areas,2,,2,3,3,1,1,2,2,1,3,1,48,56,56,18,2,1
2024,0.6075,13-JUL-2004,,,7/19/04,41,Billings,MT,1,1,59106,3,30-JUN-2004,1,1500,2,1,1,3,3,2,2,2,88,88,88,,1,4,1,1,we had to go in at a different trailhead,2,,2,2,88,1,1,3,88,2,88,1,26,78,78,12,2,1
2025,0.6075,13-JUL-2004,24.07.2004,,8/4/04,42,Mancos,CO,4,4,81328,3,30-JUN-2004,1,1435,2,1,1,6,4,2,1,1,0,0,0,,2,0,2,88,,88,,3,3,3,1,1,1,2,1,3,3,72,32,32,16,2,0
2026,0.6075,13-JUL-2004,,,7/22/04,42,New Orleans,LA,2,2,70119,3,30-JUN-2004,1,1435,2,1,1,6,4,2,1,1,88,88,88,,2,0,2,88,,88,,3,3,3,1,1,1,3,1,3,1,65,39,39,20,2,0
2027,0.6075,13-JUL-2004,24.07.2004,07-AUG-2004,,43,Billings,MT,1,1,59102,3,30-JUN-2004,1,1500,2,1,1,5,4,2,2,2,9,3,0,,2,0,1,2,,2,,2,1,3,1,1,3,1,1,2,2,56,48,48,12,2,1
2028,0.6075,13-JUL-2004,24.07.2004,07-AUG-2004,8/10/04,43,Billings,MT,1,1,59106,3,30-JUN-2004,1,1500,2,1,1,5,4,2,2,2,88,88,88,,2,0,1,2,,2,,2,2,3,3,3,1,1,1,3,3,54,50,50,16,2,1
2029,0.6075,13-JUL-2004,24.07.2004,07-AUG-2004,,43,Billings,MT,1,1,59105,3,30-JUN-2004,1,1500,2,1,1,5,4,2,2,2,88,88,88,,1,10,1,2,,2,,2,2,3,1,1,1,1,2,3,1,50,54,54,15,2,1
2030,0.6075,13-JUL-2004,24.07.2004,07-AUG-2004,,43,Billings,MT,1,1,59101,3,30-JUN-2004,1,1500,2,1,2,5,4,2,2,2,88,88,88,,2,0,1,2,,2,,2,2,2,2,2,2,2,2,2,2,61,43,43,15,2,1
2031,0.6075,13-JUL-2004,24.07.2004,07-AUG-2004,8/30/04,44,Whitefish,MT,1,1,59937,3,30-JUN-2004,1,1545,1,1,1,3,3,2,1,1,0,0,0,,2,0,1,1,we were going to come to SF/white pass so went to Cabinet mtn wilderness,2,,2,2,3,1,2,1,2,1,3,2,56,48,48,16,2,0
2032,0.6075,13-JUL-2004,,,7/23/04,44,Whitefish,MT,1,1,59937,3,30-JUN-2004,1,1545,1,1,1,3,3,2,1,1,88,88,88,,2,0,1,1,we changed plans and backpacked elsewhere,2,,3,3,3,1,1,2,1,1,3,1,56,48,48,18,1,0
2033,0.6075,13-JUL-2004,,,7/20/04,46,Clancy,MT,1,1,59634,3,01-JUL-2004,1,920,1,1,1,6,4,2,2,2,15,4,5,non present at trailhead when I was there,1,20,1,2,,2,,2,3,3,1,3,2,1,2,1,2,60,44,44,18,2,1
2034,0.6075,13-JUL-2004,24.07.2004,07-AUG-2004,8/11/04,46,Logan,UT,4,4,84341,3,01-JUL-2004,1,920,1,1,1,6,4,2,2,2,88,88,88,,1,6,1,2,,2,,3,3,3,1,3,3,1,2,1,3,69,35,35,19,2,1
2035,0.6075,13-JUL-2004,,,7/19/04,46,Helena,MT,1,1,59601,3,01-JUL-2004,1,920,1,1,1,6,4,2,2,2,88,88,88,,1,12,1,2,,2,,3,3,3,1,3,2,2,3,1,1,66,38,38,19,2,1
2036,0.6075,13-JUL-2004,24.07.2004,07-AUG-2004,,47,Helena,MT,1,1,59602,3,01-JUL-2004,1,1258,1,1,1,2,2,2,1,1,0,0,1,not 16,1,5,1,1,we didn't get to go to certain spots and didn't get to go in hardly at all,2,,2,2,3,1,2,1,1,2,2,1,87,17,17,11,2,0
2037,0.6075,13-JUL-2004,24.07.2004,07-AUG-2004,,47,Helena,Mt,1,1,59602,3,01-JUL-2004,1,1258,1,1,1,2,2,2,1,1,88,88,88,,1,20,1,1,closure of trailheads due to fire season,1,we are planning to go in earlier due to closures later in summer,3,3,3,2,3,3,1,3,2,2,51,53,53,16,1,0
2038,0.6075,13-JUL-2004,24.07.2004,,8/6/04,47,Helena,MT,1,1,59602,3,01-JUL-2004,1,1258,1,1,1,2,2,2,1,1,88,88,88,,1,30,1,1,wilderness closed had to cancel,1,came earlier,3,2,3,1,2,2,2,2,2,1,46,58,58,16,2,0
2039,1.215,13-JUL-2004,24.07.2004,07-AUG-2004,,50,Bozeman,MT,1,1,59713,4,02-JUL-2004,1,1245,1,1,1,4,3,2,1,1,88,88,88,,2,0,2,88,,88,,3,3,3,1,2,1,2,2,3,1,75,29,29,16,1,0
2040,1.215,13-JUL-2004,24.07.2004,07-AUG-2004,,51,Missoula,MT,1,1,59801,4,02-JUL-2004,1,1300,1,1,1,4,3,2,2,2,3,2,1,was busy with the horses,1,5,1,2,,2,,3,3,3,3,3,3,1,1,2,88,77,27,27,16,1,1
2041,1.215,13-JUL-2004,24.07.2004,07-AUG-2004,,52,Fairfield,MT,1,1,59436,4,03-JUL-2004,1,745,1,1,2,0,1,2,2,2,4,2,0,,1,88,1,2,,2,,2,2,3,3,3,1,3,1,1,1,68,36,36,17,2,1
2042,1.215,13-JUL-2004,24.07.2004,07-AUG-2004,8/10/04,52,Helena,MT,1,1,59602,4,03-JUL-2004,1,745,1,1,2,0,1,2,2,2,88,88,88,,2,0,1,2,,2,,3,2,3,2,2,3,2,2,2,3,51,53,53,18,1,1
2043,1.215,13-JUL-2004,,,7/21/04,52,Fairfield,MT,1,1,59436,4,03-JUL-2004,1,745,1,1,2,0,1,2,2,2,88,88,88,,1,88,1,2,,2,,2,2,3,3,3,1,1,2,2,1,71,33,33,14,1,1
2044,1.215,13-JUL-2004,24.07.2004,07-AUG-2004,8/13/04,52,Helena,MT,1,1,59602,4,03-JUL-2004,1,745,1,1,2,0,1,2,2,2,88,88,88,,2,0,1,2,,2,,3,2,3,2,2,3,2,2,2,3,88,,,88,2,1
2045,1.215,13-JUL-2004,24.07.2004,07-AUG-2004,8/9/04,53,Brady,MT,1,1,59416,4,03-JUL-2004,1,1305,1,1,1,3,3,2,1,1,0,0,88,,1,10,1,2,,2,,2,3,3,1,1,1,2,1,2,3,87,17,17,10,2,0
2046,1.215,13-JUL-2004,24.07.2004,07-AUG-2004,8/9/04,53,Brady,MT,1,1,59416,4,03-JUL-2004,1,1305,1,1,1,3,3,2,1,1,88,88,88,,1,6,1,1,prefer to avoid areas where fire danger is extreme,2,,2,3,3,1,1,1,1,1,2,2,56,48,48,16,2,0
2047,1.215,13-JUL-2004,24.07.2004,07-AUG-2004,,53,Brady,MT,1,1,59416,4,03-JUL-2004,1,1305,1,1,1,3,3,2,1,1,88,88,88,,1,6,1,2,,2,,2,3,3,1,1,1,1,1,2,2,88,,,88,1,0
2048,1.215,13-JUL-2004,24.07.2004,07-AUG-2004,,53,Great Falls,MT,1,1,59401,4,03-JUL-2004,1,1305,1,1,1,3,3,2,1,1,88,88,88,,1,88,3,2,,2,,3,2,3,3,3,3,2,2,1,2,88,,,10,2,0
2049,1.215,13-JUL-2004,24.07.2004,,7/28/04,53,Missoula,MT,1,1,59808,4,03-JUL-2004,1,1305,1,1,1,3,3,2,1,1,88,88,88,,2,0,1,2,,2,,3,3,3,1,1,2,2,2,2,2,48,56,56,19,1,0
2050,1.215,13-JUL-2004,24.07.2004,07-AUG-2004,9/14/04,53,Frenchtown,MT,1,1,59834,4,03-JUL-2004,1,1305,1,1,1,3,3,2,1,1,88,88,88,,1,20,1,1,fewer trips,2,,3,3,3,1,1,1,1,2,3,3,53,51,51,19,2,0
2051,1.215,13-JUL-2004,24.07.2004,07-AUG-2004,,53,Brady,MT,1,1,59416,4,03-JUL-2004,1,1305,1,1,1,3,3,2,1,1,88,88,88,,1,6,1,2,,2,,2,2,3,1,1,1,2,2,2,2,83,21,21,15,2,0
2052,1.215,13-JUL-2004,24.07.2004,07-AUG-2004,8/13/04,54,Kalispell,MT,1,1,59901,4,03-JUL-2004,1,1350,2,1,1,5,4,2,2,2,7,3,2,fs employees,1,88,1,1,had to cancel,2,,3,3,3,1,3,1,1,2,2,3,51,53,53,17,1,1
2053,1.215,13-JUL-2004,24.07.2004,07-AUG-2004,8/26/04,55,North Ranch,MN,2,2,55056,4,03-JUL-2004,1,1600,2,1,1,5,4,2,2,2,6,3,1,busy with horses in the rain,1,4,1,2,,2,,3,3,3,2,2,1,3,2,3,88,53,51,51,19,1,1
2054,1.215,13-JUL-2004,24.07.2004,07-AUG-2004,,55,North Ranch,MN,2,2,55056,4,03-JUL-2004,1,1600,2,1,1,5,4,2,2,2,88,88,88,,1,4,1,2,,2,,3,3,3,2,2,1,3,2,3,88,88,,,88,2,1
2055,1.215,13-JUL-2004,24.07.2004,,7/28/04,56,Missoula,MT,1,1,59802,5,05-JUL-2004,1,1135,1,2,2,0,1,2,1,1,0,0,0,,2,0,1,1,did not go to glacier and around that area,2,,2,2,2,1,1,1,1,1,2,2,80,24,24,16,2,0
2056,1.215,13-JUL-2004,24.07.2004,07-AUG-2004,8/18/04,56,Rochester,MN,2,2,55906,5,05-JUL-2004,1,1135,1,2,2,0,1,2,1,1,88,88,88,,2,0,1,2,,2,,3,3,3,1,2,2,2,1,2,2,79,25,25,16,2,0
2057,1.215,13-JUL-2004,,,7/16/04,56,Helena,MT,1,1,59601,5,05-JUL-2004,1,1135,1,2,2,0,1,2,1,1,88,88,88,,2,0,2,88,,88,,3,3,3,1,1,1,1,1,3,3,81,23,23,16,2,0
2058,1.215,13-JUL-2004,,,7/16/04,57,Missoula,MT,1,1,59802,5,05-JUL-2004,1,1145,1,2,2,0,1,2,1,1,0,0,0,,1,50,1,2,,2,,3,3,3,1,1,1,1,2,2,1,54,50,50,16,2,0
2059,1.215,13-JUL-2004,24.07.2004,07-AUG-2004,8/10/04,57,Helena,MT,1,1,59601,5,05-JUL-2004,1,1145,1,2,2,0,1,2,1,1,88,88,88,,1,1,1,2,,2,,2,3,88,1,1,1,2,1,3,2,62,42,42,16,2,0
2060,1.215,13-JUL-2004,,,7/22/04,57,Helena,MT,1,1,59601,5,05-JUL-2004,1,1145,1,2,2,0,1,2,1,1,88,88,88,,1,1,1,2,,2,,3,3,3,1,2,1,1,2,2,1,61,43,43,15,1,0
2061,1.215,13-JUL-2004,,,7/16/04,58,Missoua,MT,1,1,59801,5,05-JUL-2004,1,1200,2,1,1,2,2,2,1,1,0,0,0,,1,3,1,1,cancel,2,Fire's good! I like how fire opens up the view and the new veg. and flowers coming after.,3,3,3,1,1,2,1,2,2,1,48,56,56,17,2,0
2062,1.215,13-JUL-2004,,,7/16/04,58,Missoua,MT,1,1,59801,5,05-JUL-2004,1,1200,2,1,1,2,2,2,1,1,88,88,88,,1,1,1,1,"3 months of smoke tends to keep me at home, but I had a project at lookout pass for summer",2,,3,3,3,1,1,1,1,1,1,3,88,,,18,1,0
2063,1.215,13-JUL-2004,,,7/20/04,59,Great Falls,MT,1,1,59405,5,05-JUL-2004,1,1223,1,2,2,0,1,2,1,1,0,0,0,,1,30,1,2,,2,,3,3,3,3,3,1,1,1,2,2,50,54,54,18,2,0
2064,1.215,13-JUL-2004,,,7/16/04,59,Great Falls,MT,1,1,59404,5,05-JUL-2004,1,1223,1,2,2,0,1,2,1,1,88,88,88,,2,0,2,88,,88,,3,3,3,1,1,2,2,1,2,2,46,58,58,18,2,0
2065,1.215,13-JUL-2004,24.07.2004,,7/26/04,60,Helena,MT,1,1,59601,5,05-JUL-2004,1,1241,1,2,2,0,1,2,1,1,0,0,0,,1,4,1,1,we changed our hiking routes to avoid smokey areas,2,,2,2,3,1,1,1,1,2,3,3,51,53,53,18,2,0
2066,1.215,13-JUL-2004,24.07.2004,,8/5/04,60,Mercer Island,WA,3,3,98040,5,05-JUL-2004,1,1241,1,2,2,0,1,2,1,1,88,88,88,,1,2,1,2,,2,,3,3,3,1,3,2,2,2,3,3,55,49,49,17,2,0
2067,1.215,13-JUL-2004,24.07.2004,07-AUG-2004,8/9/04,60,Helena,MT,1,1,59601,5,05-JUL-2004,1,1241,1,2,2,0,1,2,1,1,88,88,88,,1,2,1,2,,2,,3,3,3,1,1,2,2,1,2,2,54,50,50,19,1,0
2068,1.215,13-JUL-2004,24.07.2004,07-AUG-2004,,61,Schaumburg,IL,2,2,60173,5,05-JUL-2004,1,1254,1,2,2,0,1,2,1,1,0,0,0,,1,5,1,2,,2,,2,2,3,1,1,1,1,2,2,2,67,37,37,16,2,0
2069,1.215,13-JUL-2004,24.07.2004,07-AUG-2004,,62,Missoula,MT,1,1,59802,5,05-JUL-2004,1,1400,1,2,2,0,1,2,1,1,0,0,0,,2,0,1,2,,2,,3,3,3,1,3,1,1,1,3,3,45,59,59,18,1,0
2070,1.215,13-JUL-2004,,,7/19/04,62,Missoula,MT,1,1,59807,5,05-JUL-2004,1,1400,1,2,2,0,1,2,1,1,88,88,88,,2,0,1,2,,2,,2,3,3,1,2,2,1,1,2,1,43,61,61,19,2,0
2071,1.215,13-JUL-2004,24.07.2004,07-AUG-2004,8/18/04,63,Lakeside,MT,1,1,59922,5,05-JUL-2004,1,1405,1,2,2,0,1,2,1,1,0,0,0,,1,88,1,1,stayed home didn't hike much,2,,2,2,3,1,1,1,88,1,3,1,51,53,53,12,2,0
2072,1.215,13-JUL-2004,24.07.2004,,7/28/04,63,Lakeside,MT,1,1,59922,5,05-JUL-2004,1,1405,1,2,2,0,1,2,1,1,88,88,88,,1,88,1,1,we endured heavy smoke on the flathead so stayed home,2,,3,3,3,1,1,1,1,1,2,1,51,53,53,12,1,0
2073,1.215,13-JUL-2004,24.07.2004,,7/29/04,64,Alexandria,VA,2,2,22341,5,05-JUL-2004,1,1432,1,1,1,1,2,2,1,1,0,0,0,,1,20,1,2,,2,,2,3,3,1,2,1,1,1,1,1,78,26,26,16,1,0
2074,1.215,13-JUL-2004,24.07.2004,07-AUG-2004,8/12/04,64,Helena,MT,1,1,59601,5,05-JUL-2004,1,1432,1,1,1,1,2,2,1,1,88,88,88,,1,40,1,1,affected where we went,2,,3,3,3,1,2,2,2,2,3,3,55,49,49,19,1,0
2075,1.215,13-JUL-2004,24.07.2004,,8/2/04,64,College Station,TX,2,2,77845,5,05-JUL-2004,1,1432,1,1,1,1,2,2,1,1,88,88,88,,1,20,1,1,had to change route,2,,2,3,3,1,1,1,1,1,1,3,52,52,52,17,2,0
2076,1.215,13-JUL-2004,24.07.2004,07-AUG-2004,,64,College Station,TX,2,2,77845,5,05-JUL-2004,1,1432,1,1,1,1,2,2,1,1,88,88,88,,1,34,1,2,,2,,3,3,3,1,2,1,2,2,2,3,78,26,26,16,2,0
2077,1.215,13-JUL-2004,24.07.2004,,8/2/04,64,College Station,TX,2,2,77845,5,05-JUL-2004,1,1432,1,1,1,1,2,2,1,1,88,88,88,,1,20,1,2,,2,,3,3,3,1,1,2,2,2,2,1,85,19,19,13,2,0
2078,1.215,13-JUL-2004,24.07.2004,07-AUG-2004,,65,Sun River,MT,1,1,59983,5,06-JUL-2004,1,740,1,1,1,3,3,2,1,1,0,0,0,,1,55,1,1,smoke affected air quality and many areas were closed to recreational use,2,,3,3,3,1,1,2,3,2,3,1,80,24,24,13,2,0
2079,1.215,13-JUL-2004,24.07.2004,07-AUG-2004,8/13/04,66,Roundup,MT,1,1,59702,5,06-JUL-2004,1,820,1,1,1,7,5,2,2,2,5,2,1,busy with horses,1,2,1,1,camp fire restrictions and desination,2,,3,3,3,1,3,3,3,2,1,1,73,31,31,16,2,1
2080,1.215,13-JUL-2004,,,7/19/04,66,Roundup,MT,1,1,59072,5,06-JUL-2004,1,820,1,1,1,7,5,2,2,2,88,88,88,,1,5,1,2,,2,,2,2,2,1,3,1,2,2,2,1,75,29,29,14,2,1
2081,1.215,13-JUL-2004,24.07.2004,,7/28/04,68,Pullman,WA,3,3,99163,5,06-JUL-2004,1,1013,1,2,2,0,1,2,1,1,0,0,0,,1,50,1,2,,2,,3,3,3,1,88,2,1,2,1,1,44,60,60,20,2,0
2082,1.215,13-JUL-2004,24.07.2004,,7/28/04,68,Pullman,WA,3,3,99163,5,06-JUL-2004,1,1013,1,2,2,0,1,2,1,1,88,88,88,,1,50,1,2,,2,,3,3,3,1,1,1,1,1,2,2,44,60,60,20,1,0
2083,1.215,13-JUL-2004,24.07.2004,07-AUG-2004,,68,Pullman,WA,3,3,99163,5,06-JUL-2004,1,1013,1,2,2,0,1,2,1,1,88,88,88,,2,0,2,88,,88,,3,3,3,1,1,1,1,1,2,3,40,64,64,19,2,0
2084,1.215,13-JUL-2004,24.07.2004,07-AUG-2004,,68,Pullman,WA,3,3,99163,5,06-JUL-2004,1,1013,1,2,2,0,1,2,1,1,88,88,88,,2,0,2,88,,88,,3,3,3,1,88,2,1,1,2,3,47,57,57,19,1,0
2085,1.215,13-JUL-2004,,,7/23/04,69,North Liberty,IA,2,2,52317,5,06-JUL-2004,1,1015,2,1,1,8,5,2,1,1,0,0,0,,1,10,1,1,let forest recover,2,,3,3,3,1,1,3,3,1,2,2,51,53,53,17,2,0
2086,1.215,13-JUL-2004,,,7/21/04,69,Albia,IA,2,2,52513,5,06-JUL-2004,1,1015,2,1,1,8,5,2,1,1,88,88,88,,1,10,1,2,,2,,3,3,3,1,1,3,2,3,2,1,46,58,58,19,2,0
2087,1.215,13-JUL-2004,,,7/22/04,69,North Liberty,IA,2,2,52317,5,06-JUL-2004,1,1015,2,1,1,8,5,2,1,1,88,88,88,,1,10,1,2,,2,,3,3,3,1,1,3,2,1,2,1,51,53,53,17,2,0
2088,1.215,13-JUL-2004,24.07.2004,,8/2/04,70,Long Beach,CA,5,4,90802,5,06-JUL-2004,1,1105,1,2,2,0,1,2,1,1,0,0,88,,2,0,3,88,,88,,3,3,3,1,1,2,1,2,2,1,49,55,55,16,2,0
2089,1.215,13-JUL-2004,24.07.2004,,7/26/04,70,Milo,MO,2,2,64767,5,06-JUL-2004,1,1105,1,2,2,0,1,2,1,1,88,88,88,,2,0,2,88,,88,,2,2,3,1,1,2,2,2,2,1,51,53,53,16,2,0
2090,1.215,13-JUL-2004,,,7/22/04,71,Tucson,AZ,4,4,85701,5,06-JUL-2004,1,1110,1,2,2,0,1,2,1,1,0,0,0,,1,35,2,88,,88,,2,3,3,1,1,1,1,2,1,1,61,43,43,19,2,0
2091,1.215,13-JUL-2004,24.07.2004,,7/26/04,71,Tucson,AZ,4,4,85701,5,06-JUL-2004,1,1110,1,2,2,0,1,2,1,1,88,88,88,,1,1,1,2,,2,,3,3,3,1,1,1,1,1,2,3,65,39,39,16,2,0
2092,1.215,13-JUL-2004,,,7/22/04,71,What Cheer,IA,2,2,50268,5,06-JUL-2004,1,1110,1,2,2,0,1,2,1,1,88,88,88,,1,4,2,88,,88,,2,2,3,1,1,3,2,1,2,3,51,53,53,14,1,0
2093,1.215,13-JUL-2004,24.07.2004,,7/26/04,71,What Cheer,IA,2,2,50268,5,06-JUL-2004,1,1110,1,2,2,0,1,2,1,1,88,88,88,,1,6,1,2,,2,,3,3,3,1,1,1,2,3,1,1,46,58,58,16,2,0
2094,1.215,13-JUL-2004,24.07.2004,07-AUG-2004,8/19/04,72,Great Falls,MT,1,1,59405,5,07-JUL-2004,1,1043,1,2,2,0,1,2,1,1,0,0,1,under16,1,1,1,2,,2,,3,3,3,1,1,3,3,3,1,2,55,49,49,14,1,0
2095,1.215,13-JUL-2004,24.07.2004,07-AUG-2004,8/18/04,73,Richland,WA,3,3,99352,5,07-JUL-2004,1,1106,1,1,2,0,1,2,1,1,0,0,0,,1,4,1,2,,1,I visited earlier in the year to avoid fire season,3,3,3,1,1,1,1,2,2,3,75,29,29,18,2,0
2096,1.215,13-JUL-2004,,,7/21/04,73,Richland,WA,3,3,99352,5,07-JUL-2004,1,1106,1,1,2,0,1,2,1,1,88,88,88,,2,0,2,88,,88,,3,3,3,1,1,1,2,1,1,2,75,29,29,20,1,0
2097,1.215,13-JUL-2004,,,7/16/04,73,Great Falls,MT,1,1,59404,5,07-JUL-2004,1,1106,1,1,2,0,1,2,1,1,88,88,88,,1,12,1,1,no times we hiked,1,when we hiked,3,3,3,1,2,3,2,3,2,88,42,62,62,19,1,0
2098,1.215,13-JUL-2004,24.07.2004,,7/27/04,73,Great Falls,MT,1,1,59404,5,07-JUL-2004,1,1106,1,1,2,0,1,2,1,1,88,88,88,,1,50,1,1,we stayed away so as not to interfere with fire fighters,2,,3,3,3,1,1,1,3,3,3,1,39,65,65,19,2,0
2099,1.215,13-JUL-2004,,,7/22/04,74,Conrad,MT,1,1,59425,5,07-JUL-2004,1,1120,1,2,2,0,1,2,1,1,0,0,0,,1,2,1,2,,2,,1,88,2,1,1,1,2,2,1,1,53,51,51,16,1,0
2100,1.215,13-JUL-2004,24.07.2004,,8/2/04,74,Conrad,MT,1,1,59425,5,07-JUL-2004,1,1120,1,2,2,0,1,2,1,1,88,88,88,,1,2,1,2,,2,,2,2,2,1,1,1,2,2,2,1,86,18,18,11,1,0
2101,1.215,13-JUL-2004,24.07.2004,07-AUG-2004,,74,Conrad,MT,1,1,59425,5,07-JUL-2004,1,1120,1,2,2,0,1,2,1,1,88,88,88,,1,1,1,2,,2,,2,2,3,1,1,2,2,2,2,2,88,,,9,1,0
2102,1.215,13-JUL-2004,24.07.2004,,8/2/04,74,Ledger,MT,1,1,59456,5,07-JUL-2004,1,1120,1,2,2,0,1,2,1,1,88,88,88,,1,6,1,2,,2,,1,2,2,1,1,1,1,1,2,1,60,44,44,16,1,0
2103,0.81,24-JUL-2004,07.08.2004,,8/6/04,75,Butte,MT,1,1,59701,9,13-JUL-2004,1,1315,2,1,1,6,4,2,1,1,0,0,0,,1,50,1,2,,2,,3,3,3,1,1,2,2,2,1,1,88,,,18,2,0
2104,0.81,24-JUL-2004,07.08.2004,28-AUG-2004,9/24/04,76,Kalispell,MT,1,1,59901,9,14-JUL-2004,1,1015,1,3,2,0,1,2,1,1,0,0,1,under16,2,0,1,1,we did not camp and fish as it was closed or too smokey,2,,3,3,3,1,3,1,1,1,3,1,48,56,56,20,1,0
2105,0.81,24-JUL-2004,07.08.2004,28-AUG-2004,,76,Kalispell,MT,1,1,59901,9,14-JUL-2004,1,1015,1,3,2,0,1,2,1,1,88,88,88,,2,0,1,1,went somewhere else,2,,3,3,3,1,3,2,1,1,2,1,46,58,58,18,2,0
2106,0.81,24-JUL-2004,07.08.2004,,8/11/04,77,Missoula,MT,1,1,59801,9,14-JUL-2004,1,1100,1,3,2,0,1,2,1,1,0,0,0,,1,50,1,2,,2,,3,2,2,3,3,1,2,2,2,2,80,24,24,16,2,0
2107,0.81,24-JUL-2004,07.08.2004,28-AUG-2004,9/2/04,78,Missoula,MT,1,1,59801,9,14-JUL-2004,1,1136,1,3,2,0,1,2,1,1,0,0,0,,2,0,1,2,,2,,3,3,3,1,3,1,1,1,3,3,80,24,24,15,2,0
2108,0.81,24-JUL-2004,,,8/2/04,78,Bethlehem,PA,2,2,18015,9,14-JUL-2004,1,1136,1,3,2,0,1,2,1,1,88,88,88,,1,1,1,1,fished elsewhere,2,,3,3,3,1,3,1,1,1,2,1,47,57,57,20,2,0
2109,0.81,24-JUL-2004,07.08.2004,28-AUG-2004,,79,Everett,WA,3,3,98204,9,14-JUL-2004,1,1230,1,3,2,0,1,2,1,1,0,0,0,,1,6,1,2,,2,,2,3,3,88,3,88,2,3,88,88,63,41,41,15,2,0
2110,0.81,24-JUL-2004,07.08.2004,,8/17/04,79,Missoula,MT,1,1,59802,9,14-JUL-2004,1,1230,1,3,2,0,1,2,1,1,88,88,88,,1,15,1,2,,2,,2,2,3,3,3,1,88,2,1,2,40,64,64,13,2,0
2111,0.81,24-JUL-2004,,,8/2/04,80,Wenatchee,WA,3,3,98807,9,14-JUL-2004,1,1249,1,2,2,0,1,2,1,1,0,0,2,under16,2,0,1,2,,2,,3,3,3,1,2,1,3,2,2,2,66,38,38,20,1,0
2112,0.81,24-JUL-2004,,,8/2/04,80,Wenatchee,WA,3,3,98807,9,14-JUL-2004,1,1249,1,2,2,0,1,2,1,1,88,88,88,,2,0,2,88,,88,,3,3,3,1,3,1,1,1,3,88,65,39,39,16,2,0
2113,0.81,24-JUL-2004,,,7/28/04,81,Missoula,MT,1,1,59801,9,14-JUL-2004,1,1336,1,3,2,0,1,2,1,1,0,0,0,,1,5,1,2,,2,,3,3,3,2,3,1,2,2,2,2,83,21,21,15,2,0
2114,0.81,24-JUL-2004,,,7/28/04,81,Missoula,MT,1,1,59801,9,14-JUL-2004,1,1336,1,3,2,0,1,2,1,1,88,88,88,,2,0,1,2,,2,,3,3,3,1,3,1,2,1,3,2,82,22,22,14,2,0
2115,0.81,24-JUL-2004,07.08.2004,28-AUG-2004,,82,Bigfork,MT,1,1,59911,9,15-JUL-2004,1,1120,1,1,1,3,3,2,2,2,9,3,0,,1,45,1,1,Indian Meadows was closed and we couln't have campfires,2,,88,88,88,88,88,88,88,88,88,88,57,47,47,12,1,1
2116,0.81,24-JUL-2004,07.08.2004,28-AUG-2004,,82,Bigfork,MT,1,1,59911,9,15-JUL-2004,1,1120,1,1,1,3,3,2,2,2,88,88,88,,1,10,1,1,no camp fires and trailheads closed,2,,3,3,1,3,3,2,1,1,2,1,84,20,20,13,1,1
2117,0.81,24-JUL-2004,07.08.2004,28-AUG-2004,,82,Bigfork,MT,1,1,59911,9,15-JUL-2004,1,1120,1,1,1,3,3,2,2,2,88,88,88,,88,88,88,88,,88,,88,88,88,88,88,88,88,88,88,88,88,,,88,2,1
2118,0.81,24-JUL-2004,07.08.2004,28-AUG-2004,8/31/04,82,Columbia Falls,MT,1,1,59912,9,15-JUL-2004,1,1120,1,1,1,3,3,2,2,2,88,88,88,,2,0,1,2,,2,,2,3,3,1,2,2,1,1,3,3,83,21,21,14,2,1
2119,0.81,24-JUL-2004,07.08.2004,,8/11/04,82,Bigfork,MT,1,1,59911,9,15-JUL-2004,1,1120,1,1,1,3,3,2,2,2,88,88,88,,1,175,1,1,went somewhere else,2,,88,88,88,88,88,88,88,88,88,88,49,55,55,12,2,1
2120,0.81,24-JUL-2004,,,7/30/04,83,Fountain City,WI,2,2,54629,9,15-JUL-2004,1,1142,1,3,2,0,1,2,1,1,0,0,0,,1,10,2,88,,88,,2,2,2,1,3,1,1,2,1,1,42,62,62,16,2,0
2121,0.81,24-JUL-2004,,,8/2/04,83,Fountain City,WI,2,2,54629,9,15-JUL-2004,1,1142,1,3,2,0,1,2,1,1,88,88,88,,1,10,2,88,,88,,2,2,3,1,3,1,2,3,1,1,47,57,57,19,2,0
2122,1.215,24-JUL-2004,07.08.2004,,8/25/04,84,Missoula,MT,1,1,59806,11,17-JUL-2004,1,1115,1,1,2,0,1,2,1,1,0,0,0,,2,0,1,2,,2,,3,3,3,1,1,1,2,1,3,3,61,43,43,15,2,0
2123,1.215,24-JUL-2004,07.08.2004,28-AUG-2004,8/27/04,84,Missoula,MT,1,1,59806,11,17-JUL-2004,1,1115,1,1,2,0,1,2,1,1,88,88,88,,2,0,1,2,,2,,3,3,3,1,1,1,2,1,2,3,74,30,30,16,1,0
2124,1.215,24-JUL-2004,07.08.2004,,8/10/04,85,Potomac,MT,1,1,59823,11,17-JUL-2004,1,1230,1,1,1,1,2,2,1,1,0,0,0,,1,1,1,2,,2,,3,3,3,1,3,2,2,1,2,2,83,21,21,14,2,0
2125,1.215,24-JUL-2004,07.08.2004,,8/10/04,85,Missoula,MT,1,1,59801,11,17-JUL-2004,1,1230,1,1,1,1,2,2,1,1,88,88,88,,2,0,1,2,,2,,3,3,3,3,3,1,2,2,2,2,83,21,21,15,2,0
2126,1.215,24-JUL-2004,07.08.2004,28-AUG-2004,,85,Missoula,MT,1,1,59801,11,17-JUL-2004,1,1230,1,1,1,1,2,2,1,1,88,88,88,,1,5,3,88,,88,,3,3,3,1,1,2,3,2,3,3,84,20,20,14,1,0
2127,1.215,24-JUL-2004,07.08.2004,28-AUG-2004,,85,Missoula,MT,1,1,59803,11,17-JUL-2004,1,1230,1,1,1,1,2,2,1,1,88,88,88,,2,0,1,1,I simply thought it was too smokey to be doing much outdoor physical activity,2,,3,3,3,1,2,3,1,1,2,2,83,21,21,14,2,0
2128,1.215,24-JUL-2004,,,8/4/04,86,Athol,ID,4,4,83801,11,17-JUL-2004,1,1400,1,1,1,4,3,2,2,2,4,2,0,,88,88,88,88,,88,,88,88,88,88,88,88,88,88,88,88,88,,,88,2,1
2129,1.215,24-JUL-2004,07.08.2004,,8/18/04,86,Athol,ID,4,4,83801,11,17-JUL-2004,1,1400,1,1,1,4,3,2,2,2,88,88,88,,88,88,88,88,,88,,88,88,88,88,88,88,88,88,88,88,88,,,88,1,1
2130,1.215,24-JUL-2004,07.08.2004,28-AUG-2004,,87,Veradale,WA,3,3,99037,11,18-JUL-2004,1,1630,1,1,1,5,4,2,2,2,3,2,0,,1,4,1,2,,2,,3,3,3,2,3,3,2,2,2,2,46,58,58,13,1,1
2131,1.215,24-JUL-2004,07.08.2004,28-AUG-2004,9/1/04,87,Spokane,WA,3,3,99206,11,18-JUL-2004,1,1630,1,1,1,5,4,2,2,2,88,88,88,,1,4,2,88,,88,,3,3,3,2,3,3,2,2,2,2,40,64,64,12,2,1
2132,1.215,24-JUL-2004,07.08.2004,28-AUG-2004,,88,Missoula,MT,1,1,59804,11,18-JUL-2004,1,1700,2,1,2,0,1,2,1,1,0,0,0,,1,5,1,2,,2,,3,3,2,1,1,1,3,1,3,2,84,20,20,13,2,0
2133,1.215,24-JUL-2004,07.08.2004,,8/18/04,88,Seeley Lake,MT,1,1,59868,11,18-JUL-2004,1,1700,2,1,2,0,1,2,1,1,88,88,88,,1,50,1,1,cancelled plans,2,,3,3,3,1,2,1,3,3,3,2,63,41,41,14,1,0
2134,2.43,24-JUL-2004,,,8/2/04,89,Kalispell,MT,1,1,59901,1,20-JUL-2004,1,1015,1,1,1,2,2,2,1,1,0,0,3,under16,1,30,1,1,timing,2,,3,3,3,1,3,1,2,2,1,88,54,50,50,19,2,0
2135,1.215,07-AUG-2004,,,8/24/04,90,Columbia Falls,MT,1,1,59912,12,26-JUL-2004,1,1605,1,1,1,3,3,1,4,0,22,6,5,under16,2,0,1,2,,2,,2,2,3,3,3,2,1,1,2,1,52,52,52,16,2,
2136,1.215,07-AUG-2004,28.08.2004,11-SEP-2004,9/16/04,91,Kalispell,MT,1,1,59901,12,26-JUL-2004,1,1400,1,1,1,4,3,2,2,2,4,2,0,,1,40,1,1,almost eliminated my trips in 2003,2,,3,3,3,2,2,2,3,3,2,2,25,79,79,11,2,1
2137,1.215,07-AUG-2004,28.08.2004,11-SEP-2004,9/16/04,91,Kalispell,MT,1,1,59901,12,26-JUL-2004,1,1400,1,1,1,4,3,2,2,2,88,88,88,,1,4,1,2,,2,,2,3,3,1,1,1,1,2,1,3,48,56,56,13,1,1
2138,1.215,07-AUG-2004,,,8/12/04,92,Columbia Falls,MT,1,1,59912,12,28-JUL-2004,1,1310,2,1,1,5,4,2,1,1,0,0,0,,1,50,1,1,"just didn't go, went to non smokey area",2,,3,3,3,88,3,1,2,1,2,3,59,45,45,16,1,0
2139,1.215,07-AUG-2004,,,8/12/04,92,Columbia Falls,MT,1,1,59912,12,28-JUL-2004,1,1310,2,1,1,5,4,2,1,1,88,88,88,,1,120,1,1,areas I wanted to hunt,2,,3,3,2,3,3,1,2,1,3,1,48,56,56,14,2,0
2140,1.215,07-AUG-2004,,,8/11/04,92,Kalispell,MT,1,1,59901,12,28-JUL-2004,1,1310,2,1,1,5,4,2,1,1,88,88,88,,1,4,1,2,,2,,3,3,3,1,3,1,2,2,1,1,69,35,35,16,1,0
2141,1.215,07-AUG-2004,28.08.2004,11-SEP-2004,,92,Kalispell,MT,1,1,59901,12,28-JUL-2004,1,1310,2,1,1,5,4,2,1,1,88,88,88,,1,10,1,1,just planned diferent trip,2,,2,3,3,3,3,2,1,1,1,1,64,40,40,16,2,0
2142,1.215,07-AUG-2004,,,8/23/04,92,Yuba City,CA,5,4,95993,12,28-JUL-2004,1,1310,2,1,1,5,4,2,1,1,88,88,88,,2,0,1,2,,2,,2,2,2,88,3,2,2,88,2,2,42,62,62,12,2,0
2143,1.215,07-AUG-2004,28.08.2004,11-SEP-2004,,93,Greer,SC,2,2,29650,12,27-JUL-2004,1,1700,2,1,1,6,4,1,2,2,16,5,1,under16,2,0,1,2,,2,,3,2,3,2,2,2,1,1,2,1,87,17,17,9,2,1
2144,1.215,07-AUG-2004,,,8/19/04,93,Greer,SC,2,2,29651,12,27-JUL-2004,1,1700,2,1,1,6,4,1,2,2,88,88,88,,2,0,1,2,,2,,3,2,3,1,2,1,2,1,3,1,64,40,40,16,2,1
2145,1.215,07-AUG-2004,,,8/19/04,93,Greer,SC,2,2,29651,12,27-JUL-2004,1,1700,2,1,1,6,4,1,2,2,88,88,88,,2,0,2,88,,88,,3,2,3,1,2,1,2,1,3,1,65,39,39,12,1,1
2146,1.215,07-AUG-2004,28.08.2004,,8/26/04,94,Arlington,VA,2,2,22203,12,29-JUL-2004,1,1145,2,1,1,5,4,2,1,1,0,0,0,,2,0,1,2,,2,,3,3,2,1,3,1,1,1,2,2,79,25,25,16,2,0
2147,1.215,07-AUG-2004,,,8/19/04,94,Atlanta,GA,2,2,30309,12,29-JUL-2004,1,1145,2,1,1,5,4,2,1,1,88,88,88,,1,1,1,2,,2,,3,3,3,1,3,2,2,1,3,1,78,26,26,16,2,0
2148,1.215,07-AUG-2004,,,8/17/04,94,Greensboro,NC,2,2,27910,12,29-JUL-2004,1,1145,2,1,1,5,4,2,1,1,88,88,88,,2,0,2,88,,88,,3,3,3,1,3,1,1,1,3,2,78,26,26,16,2,0
2149,1.215,07-AUG-2004,,,8/13/04,95,Monument,CO,4,4,80132,12,29-JUL-2004,1,1310,1,1,1,7,5,2,1,1,0,0,0,,2,0,1,2,,2,,3,3,3,1,3,1,2,1,3,3,76,28,28,18,2,0
2150,1.215,07-AUG-2004,,,8/17/04,95,ST. Paul,MN,2,2,55104,12,29-JUL-2004,1,1310,1,1,1,7,5,2,1,1,88,88,88,,2,0,1,2,,2,,3,3,3,1,3,2,3,1,3,1,77,27,27,18,2,0
2151,1.215,07-AUG-2004,,,8/11/04,96,Kila,MT,1,1,59920,12,29-JUL-2004,1,1500,2,1,1,10,5,2,3,0,2,1,0,,2,0,1,2,,2,,3,3,3,1,3,2,2,2,2,3,60,44,44,12,1,
2152,1.215,07-AUG-2004,,,8/11/04,96,Kila,MT,1,1,59920,12,29-JUL-2004,1,1500,2,1,1,10,5,2,3,0,88,88,88,,2,0,3,88,,88,,2,3,3,2,2,2,2,2,3,3,84,20,20,14,1,
2153,1.215,07-AUG-2004,28.08.2004,11-SEP-2004,9/17/04,96,Kila,MT,1,1,59920,12,29-JUL-2004,1,1500,2,1,1,10,5,2,3,0,88,88,88,,2,0,1,2,,2,,3,3,3,3,3,2,2,2,2,3,61,43,43,14,2,
2154,1.215,07-AUG-2004,,,8/24/04,96,Kila,MT,1,1,59920,12,29-JUL-2004,1,1500,2,1,1,10,5,2,3,0,88,88,88,,1,4,1,2,,2,,2,2,3,1,3,1,2,1,2,3,54,50,50,12,1,
2155,1.215,07-AUG-2004,,,8/25/04,96,Kila,MT,1,1,59920,12,29-JUL-2004,1,1500,2,1,1,10,5,2,3,0,88,88,88,,1,2,1,1,the area of the wilderness that I might have visited was closed after the fires start-salmon fork area,2,,1,2,3,2,3,1,1,2,2,2,52,52,52,16,2,
2156,1.215,07-AUG-2004,28.08.2004,11-SEP-2004,,97,Auburn,CA,5,4,95603,12,29-JUL-2004,1,1610,2,1,1,6,4,1,4,0,18,5,0,,2,0,1,2,,2,,3,3,3,1,3,1,2,88,2,3,37,67,67,18,2,
2157,1.215,07-AUG-2004,28.08.2004,11-SEP-2004,,97,Mill Valley,CA,5,4,95941,12,29-JUL-2004,1,1610,2,1,1,6,4,1,4,0,88,88,88,,2,0,1,1,posponed trip one year,2,,3,3,3,1,3,2,2,1,2,2,63,41,41,16,2,
2158,1.215,07-AUG-2004,28.08.2004,11-SEP-2004,,97,Livermore,CA,5,4,94550,12,29-JUL-2004,1,1610,2,1,1,6,4,1,4,0,88,88,88,,2,0,1,2,,2,,3,3,3,1,3,2,2,1,2,2,67,37,37,20,2,
2159,1.215,07-AUG-2004,,,8/19/04,97,Auburn,CA,5,4,95604,12,29-JUL-2004,1,1610,2,1,1,6,4,1,4,0,88,88,88,,1,4,1,2,,2,,3,3,3,1,3,1,1,1,1,3,27,77,77,19,2,
2160,1.215,07-AUG-2004,28.08.2004,11-SEP-2004,,97,Missoula,MT,1,1,59802,12,29-JUL-2004,1,1610,2,1,1,6,4,1,4,0,88,88,88,,1,6,1,1,cut my trip short for salmon creek fire,2,,3,3,3,1,3,1,2,2,88,88,57,47,47,20,2,
2161,1.215,07-AUG-2004,,,8/18/04,97,Auburn,CA,5,4,95602,12,29-JUL-2004,1,1610,2,1,1,6,4,1,4,0,88,88,88,,1,9,1,2,,2,,3,3,3,1,3,1,1,2,1,1,29,75,75,20,2,
2162,1.215,07-AUG-2004,28.08.2004,11-SEP-2004,9/23/04,98,Cameron,SC,2,2,29030,12,29-JUL-2004,1,1900,2,1,1,4,3,1,4,0,20,6,2,did not want to participate,1,2,1,2,,2,,3,88,3,88,88,88,88,3,88,88,36,68,68,16,1,
2163,1.215,07-AUG-2004,28.08.2004,11-SEP-2004,9/23/04,98,Hartsville,SC,2,2,29550,12,29-JUL-2004,1,1900,2,1,1,4,3,1,4,0,88,88,88,,1,2,1,2,,2,,3,3,3,1,3,1,1,1,3,2,48,56,56,17,1,
2164,1.215,07-AUG-2004,28.08.2004,11-SEP-2004,9/27/04,98,Williamston,MI,2,2,48895,12,29-JUL-2004,1,1900,2,1,1,4,3,1,4,0,88,88,88,,2,0,1,2,,2,,3,3,3,1,2,1,2,2,3,2,78,26,26,18,1,
2165,1.215,07-AUG-2004,28.08.2004,,8/30/04,98,Vancouver,WA,3,3,98661,12,29-JUL-2004,1,1900,2,1,1,4,3,1,4,0,88,88,88,,2,0,1,2,,2,,2,3,2,1,3,1,2,1,3,2,47,57,57,16,1,
2166,1.215,07-AUG-2004,,,8/11/04,99,Missoula,MT,1,1,59808,12,27-JUL-2004,1,730,1,1,1,4,3,1,4,0,8,3,2,under16,2,0,2,88,,88,,3,2,2,1,3,1,2,1,2,2,62,42,42,20,2,
2167,1.215,07-AUG-2004,28.08.2004,11-SEP-2004,,99,Missoula,MT,1,1,59808,12,27-JUL-2004,1,730,1,1,1,4,3,1,4,0,88,88,88,,2,0,1,2,,2,,3,3,3,2,3,2,2,1,3,3,61,43,43,16,2,
2168,1.215,07-AUG-2004,,,8/23/04,100,Bigfork,MT,1,1,59911,10,30-JUL-2004,1,1435,2,2,1,2,2,2,2,2,4,2,0,,1,16,1,1,cancelled plans for one trip,2,,88,88,88,88,88,88,88,88,88,88,88,,,88,2,1
2169,1.215,07-AUG-2004,28.08.2004,,9/2/04,100,Bigfork,MT,1,1,59911,10,30-JUL-2004,1,1435,2,2,1,2,2,2,2,2,88,88,88,,88,88,1,1,had to cancel trip,2,,88,88,88,88,88,88,88,88,88,88,88,,,88,2,1
2170,1.215,07-AUG-2004,,,8/19/04,101,tracy,CA,5,4,95304,10,30-JUL-2004,1,1630,2,1,1,6,4,1,2,2,20,6,3,outfitters,2,0,1,2,,2,,3,3,3,3,3,3,3,1,3,1,56,48,48,14,2,1
2171,1.215,07-AUG-2004,28.08.2004,11-SEP-2004,,101,tracy,CA,5,4,95304,10,30-JUL-2004,1,1630,2,1,1,6,4,1,2,2,88,88,88,,2,0,1,2,,2,,3,3,3,1,1,1,1,1,3,2,58,46,46,14,1,1
2172,1.215,07-AUG-2004,,,8/12/04,101,Polson,MT,1,1,59860,10,30-JUL-2004,1,1630,2,1,1,6,4,1,2,2,88,88,88,,1,4,1,1,couldn't go,2,,3,3,3,1,3,1,1,1,3,2,47,57,57,18,2,1
2173,1.215,07-AUG-2004,28.08.2004,11-SEP-2004,10/6/04,101,Polson,MT,1,1,59860,10,30-JUL-2004,1,1630,2,1,1,6,4,1,2,2,88,88,88,,1,10,1,1,"Planned trip for august. Much was closed, it was smokey, etc",2,,3,3,3,88,3,2,2,1,3,1,42,62,62,18,2,1
2174,1.215,07-AUG-2004,28.08.2004,11-SEP-2004,10/6/04,101,Polson,MT,1,1,59860,10,30-JUL-2004,1,1630,2,1,1,6,4,1,2,2,88,88,88,,2,0,1,1,posponed trip one year,2,,3,3,3,88,3,88,88,88,88,88,48,56,56,14,1,1
2175,1.215,07-AUG-2004,,,8/18/04,101,Big Arm,MT,1,1,59910,10,30-JUL-2004,1,1630,2,1,1,6,4,1,2,2,88,88,88,,2,0,1,2,,2,,3,3,3,1,3,1,2,1,1,1,54,50,50,16,1,1
2176,1.215,07-AUG-2004,,,8/18/04,101,Big Arm,MT,1,1,59910,10,30-JUL-2004,1,1630,2,1,1,6,4,1,2,2,88,88,88,,88,88,88,88,,88,,88,88,88,88,88,88,88,88,88,88,88,,,88,2,1
2177,1.215,07-AUG-2004,28.08.2004,11-SEP-2004,,101,Columbia Falls,MT,1,1,59912,10,30-JUL-2004,1,1700,1,2,1,3,3,2,2,2,3,2,0,,2,0,1,2,,2,,3,3,3,3,3,1,1,3,3,3,62,42,42,10,1,1
2178,1.215,07-AUG-2004,,,8/11/04,102,Columbia Falls,MT,1,1,59912,10,30-JUL-2004,1,1700,1,2,1,3,3,2,2,2,88,88,88,,1,8,1,2,,2,,3,3,3,3,3,2,2,2,2,1,60,44,44,12,2,1
2179,1.215,07-AUG-2004,28.08.2004,11-SEP-2004,9/27/04,103,Eden,UT,4,4,84310,10,30-JUL-2004,1,2100,2,1,1,6,4,2,2,2,4,2,0,,1,2,1,2,,2,,1,1,1,1,2,2,1,1,1,1,45,59,59,14,2,1
2180,1.215,07-AUG-2004,28.08.2004,11-SEP-2004,,103,eden,Ut,4,4,84310,10,30-JUL-2004,1,2100,2,1,1,6,4,2,2,2,88,88,88,,1,1,1,2,,2,,2,2,3,2,3,1,2,2,3,3,49,55,55,17,2,1
2181,1.215,07-AUG-2004,28.08.2004,11-SEP-2004,,104,Spokane,WA,3,3,99207,10,31-JUL-2004,1,730,1,1,1,6,4,1,4,0,24,6,2,already left trailhead on foot,1,4,1,2,,2,,2,2,2,1,3,2,3,2,2,2,45,59,59,12,2,
2182,1.215,07-AUG-2004,,,8/23/04,104,Spokane,WA,3,3,99208,10,31-JUL-2004,1,730,1,1,1,6,4,1,4,0,88,88,88,,1,5,1,2,,2,,3,3,3,88,3,88,88,2,88,88,37,67,67,16,2,
2183,1.215,07-AUG-2004,28.08.2004,,9/10/04,104,Spokane,WA,3,3,99208,10,31-JUL-2004,1,730,1,1,1,6,4,1,4,0,88,88,88,,1,3,2,88,,88,,3,3,3,88,3,2,1,88,88,3,50,54,54,17,2,
2184,1.215,07-AUG-2004,28.08.2004,11-SEP-2004,9/20/04,104,Arvada,CO,4,4,80007,10,31-JUL-2004,1,730,1,1,1,6,4,1,4,0,88,88,88,,2,0,2,88,,88,,3,3,3,2,3,1,1,1,2,3,66,38,38,19,2,
2185,1.215,07-AUG-2004,28.08.2004,11-SEP-2004,,104,Liberty Lake,WA,3,3,99019,10,31-JUL-2004,1,730,1,1,1,6,4,1,4,0,88,88,88,,1,5,2,88,,88,,3,3,3,88,3,1,2,1,2,1,49,55,55,16,2,
2186,1.215,07-AUG-2004,,,8/18/04,104,Spokane,WA,3,3,99208,10,31-JUL-2004,1,730,1,1,1,6,4,1,4,0,88,88,88,,1,2,2,88,,88,,3,3,3,1,3,1,1,3,1,1,47,57,57,20,2,
2187,1.215,07-AUG-2004,,,8/12/04,105,Butte,MT,1,1,59701,10,31-JUL-2004,1,800,1,1,1,5,4,1,4,0,22,6,0,,1,10,1,2,,2,,2,3,2,3,3,1,1,1,1,1,68,36,36,16,2,
2188,1.215,07-AUG-2004,28.08.2004,11-SEP-2004,,105,Great Falls,Mt,1,1,59404,10,31-JUL-2004,1,800,1,1,1,5,4,1,4,0,88,88,88,,1,40,1,1,"Where we went, fires didn't stop any visits",2,,3,3,3,3,2,2,2,2,2,1,68,36,36,16,2,
2189,1.215,07-AUG-2004,28.08.2004,11-SEP-2004,,105,Great Falls,MT,1,1,59404,10,31-JUL-2004,1,800,1,1,1,5,4,1,4,0,88,88,88,,1,20,1,2,,2,,2,2,3,3,3,1,2,2,2,1,46,58,58,20,2,
2190,1.215,07-AUG-2004,,,8/12/04,105,Orem,UT,4,4,84097,10,31-JUL-2004,1,800,1,1,1,5,4,1,4,0,88,88,88,,1,1,1,2,,2,,3,3,3,1,2,1,3,3,1,3,34,70,70,14,2,
2191,1.215,07-AUG-2004,28.08.2004,11-SEP-2004,9/17/04,105,Great Falls,MT,1,1,59405,10,31-JUL-2004,1,800,1,1,1,5,4,1,4,0,88,88,88,,1,14,1,2,,2,,2,3,3,1,3,1,1,1,1,2,48,56,56,16,2,
2192,1.215,07-AUG-2004,,,8/12/04,105,Great Falls,MT,1,1,59405,10,31-JUL-2004,1,800,1,1,1,5,4,1,4,0,88,88,88,,1,10,1,2,,2,,3,3,3,1,3,2,2,1,1,1,50,54,54,18,2,
2193,1.215,07-AUG-2004,,,8/18/04,106,Greens Farms,CT,2,2,06838,10,04-AUG-2004,1,800,1,1,1,5,4,1,2,2,30,6,5,under16,1,1,88,88,,88,,88,88,88,88,88,88,88,88,88,88,88,,,88,1,1
2194,1.215,07-AUG-2004,,,8/23/04,106,Greens Farms,CT,2,2,06838,10,04-AUG-2004,1,800,1,1,1,5,4,1,2,2,88,88,88,,1,1,88,88,,88,,88,88,88,88,88,88,88,88,88,88,88,,,88,1,1
2195,1.215,07-AUG-2004,28.08.2004,11-SEP-2004,10/15/04,106,Greens Farms,CT,2,2,06838,10,04-AUG-2004,1,800,1,1,1,5,4,1,2,2,88,88,88,,1,1,2,88,,88,,3,3,3,1,3,1,1,2,1,3,58,46,46,20,2,1
2196,1.215,07-AUG-2004,,,8/23/04,106,Greens Farms,CT,2,2,06838,10,04-AUG-2004,1,800,1,1,1,5,4,1,2,2,88,88,88,,88,88,88,88,,88,,88,88,88,88,88,88,88,88,88,88,88,,,88,2,1
2197,1.215,07-AUG-2004,28.08.2004,11-SEP-2004,,106,Greens Farms,CT,2,2,06838,10,04-AUG-2004,1,800,1,1,1,5,4,1,2,2,88,88,88,,1,1,1,2,,2,,3,3,3,1,3,1,2,3,2,3,60,44,44,18,2,1
2198,1.215,07-AUG-2004,,,8/18/04,106,Los Angeles,CA,5,4,90045,10,04-AUG-2004,1,800,1,1,1,5,4,1,2,2,88,88,88,,2,0,1,2,,2,,3,3,3,3,3,1,1,1,3,3,58,46,46,16,2,1
2199,1.215,07-AUG-2004,28.08.2004,11-SEP-2004,9/29/04,106,Fairfield,CT,2,2,06825,10,04-AUG-2004,1,800,1,1,1,5,4,1,2,2,88,88,88,,2,0,1,2,,2,,3,3,2,3,3,88,1,3,3,3,62,42,42,12,2,1
2200,1.215,07-AUG-2004,,,8/23/04,107,Stevensville,MT,1,1,59870,10,01-AUG-2004,1,1900,2,1,1,3,3,2,2,2,3,2,0,,1,52,1,1,Had to change plans as to the route and desination we were going to,2,,3,2,3,2,1,2,2,1,1,1,54,50,50,13,2,1
2201,1.215,07-AUG-2004,28.08.2004,11-SEP-2004,,108,Kalispell,MT,1,1,59901,10,01-AUG-2004,1,2030,2,2,1,1,2,2,2,2,2,1,0,0,88,88,88,88,,88,,88,88,88,88,88,88,88,88,88,88,88,,,88,2,1
2202,1.215,07-AUG-2004,28.08.2004,11-SEP-2004,,108,Kalispell,MT,1,1,59901,10,01-AUG-2004,1,2030,2,2,1,1,2,2,2,2,88,88,88,,88,88,88,88,,88,,88,88,88,88,88,88,88,88,88,88,88,,,88,1,1
2203,1.215,07-AUG-2004,28.08.2004,,9/2/04,109,Sarasota,FL,2,2,34213,10,03-AUG-2004,1,1000,1,2,2,0,1,2,1,1,0,0,0,,2,0,2,88,,88,,2,2,3,1,2,2,1,1,3,3,40,64,64,16,1,0
2204,1.215,07-AUG-2004,28.08.2004,,9/2/04,109,Sarasota,FL,2,2,34213,10,03-AUG-2004,1,1000,1,2,2,0,1,2,1,1,88,88,88,,2,0,2,88,,88,,3,3,3,1,3,2,2,2,3,1,41,63,63,20,2,0
2205,1.215,07-AUG-2004,28.08.2004,11-SEP-2004,9/20/04,110,Corvallis,OR,3,3,97333,10,03-AUG-2004,1,1020,1,2,2,0,1,2,1,1,0,0,0,,1,2,3,88,,88,,3,2,3,1,1,1,1,2,1,1,54,50,50,17,1,0
2206,1.215,07-AUG-2004,,,8/13/04,110,Corvallis,OR,3,3,97333,10,03-AUG-2004,1,1020,1,2,2,0,1,2,1,1,88,88,88,,1,5,2,88,,88,,3,2,3,1,1,2,2,2,1,1,49,55,55,18,2,0
2207,0.6075,16-AUG-2004,28.08.2004,,8/30/04,111,El Prado,NM,4,4,87529,3,09-AUG-2004,1,1500,2,1,1,5,4,2,1,1,0,0,0,,2,0,2,88,,88,,3,3,3,1,1,1,2,1,3,2,72,32,32,16,2,0
2208,0.6075,16-AUG-2004,,,8/19/04,111,Bozeman,MT,1,1,59715,3,09-AUG-2004,1,1500,2,1,1,5,4,2,1,1,88,88,88,,2,0,2,88,,88,,3,3,3,1,1,3,3,1,2,1,79,25,25,18,2,0
2209,0.6075,16-AUG-2004,28.08.2004,11-SEP-2004,,112,Kalispell,MT,1,1,59901,3,09-AUG-2004,1,1615,1,1,1,6,4,2,1,1,0,0,0,,2,0,3,88,,88,,3,3,3,1,1,1,1,1,3,3,82,22,22,16,1,0
2210,0.6075,16-AUG-2004,28.08.2004,,8/30/04,112,Missoula,MT,1,1,59801,3,09-AUG-2004,1,1615,1,1,1,6,4,2,1,1,88,88,88,,1,1,1,2,,2,,3,3,3,1,1,2,3,1,3,2,81,23,23,16,1,0
2211,0.6075,16-AUG-2004,28.08.2004,,9/10/04,112,Missoula,MT,1,1,59801,3,09-AUG-2004,1,1615,1,1,1,6,4,2,1,1,88,88,88,,1,2,1,2,,2,,3,3,3,1,1,1,1,1,2,2,81,23,23,15,2,0
2212,0.6075,16-AUG-2004,28.08.2004,11-SEP-2004,10/8/04,113,Chambers,NE,2,2,68725,3,09-AUG-2004,1,1630,2,1,1,6,4,2,2,2,5,2,1,did not want to participate,1,1,88,88,,88,,88,88,88,88,88,88,88,88,88,88,88,,,88,2,1
2213,0.6075,16-AUG-2004,28.08.2004,,9/8/04,114,Missoula,MT,1,1,59803,3,10-AUG-2004,1,1200,2,1,1,4,3,2,1,1,0,0,0,,1,2,2,88,,88,,3,3,3,1,3,2,1,2,2,2,73,31,31,16,1,0
2214,0.6075,16-AUG-2004,28.08.2004,11-SEP-2004,,114,Missoula,MT,1,1,59803,3,10-AUG-2004,1,1200,2,1,1,4,3,2,1,1,88,88,88,,2,0,1,2,,2,,3,3,3,1,3,1,1,1,3,3,77,27,27,17,2,0
2215,0.6075,16-AUG-2004,28.08.2004,11-SEP-2004,9/22/04,115,Ronan,MT,1,1,59864,3,10-AUG-2004,1,1400,1,1,1,7,5,2,2,2,7,3,0,,88,88,1,2,,1,area we would have gone,3,3,3,88,88,2,1,3,88,3,41,63,63,16,1,1
2216,0.6075,16-AUG-2004,28.08.2004,11-SEP-2004,9/22/04,115,Ronan,MT,1,1,59864,3,10-AUG-2004,1,1400,1,1,1,7,5,2,2,2,88,88,88,,88,88,88,88,,88,,88,88,88,88,88,88,88,88,88,88,88,,,88,2,1
2217,0.6075,16-AUG-2004,28.08.2004,11-SEP-2004,,115,Polson,MT,1,1,59860,3,10-AUG-2004,1,1400,1,1,1,7,5,2,2,2,88,88,88,,2,0,1,2,,2,,3,3,3,3,3,1,1,1,3,3,86,18,18,12,2,1
2218,0.6075,16-AUG-2004,28.08.2004,11-SEP-2004,,115,Polson,MT,1,1,59860,3,10-AUG-2004,1,1400,1,1,1,7,5,2,2,2,88,88,88,,88,88,1,2,,2,,88,3,3,1,1,3,1,2,1,1,65,39,39,12,1,1
2219,0.6075,16-AUG-2004,28.08.2004,,8/31/04,116,Missoula,MT,1,1,59801,3,10-AUG-2004,1,1400,2,1,1,5,4,1,2,2,24,6,2,under16,88,88,1,2,,2,,2,3,3,1,1,1,1,1,2,2,66,38,38,14,1,1
2220,0.6075,16-AUG-2004,28.08.2004,11-SEP-2004,,116,Kalispell,MT,1,1,59903,3,10-AUG-2004,1,1400,2,1,1,5,4,1,2,2,88,88,88,,1,22,1,1,we had to cancel our august trip due to forest closure,1,Pent up consumer demand - gotta go!,2,3,3,3,3,2,2,2,3,3,50,54,54,16,1,1
2221,0.6075,16-AUG-2004,28.08.2004,11-SEP-2004,,116,Baton Rouge,LA,2,2,70808,3,10-AUG-2004,1,1400,2,1,1,5,4,1,2,2,88,88,88,,2,0,2,88,,88,,3,3,3,1,3,3,2,1,3,2,80,24,24,16,2,1
2222,0.6075,16-AUG-2004,28.08.2004,11-SEP-2004,,116,Baton Rouge,LA,2,2,70807,3,10-AUG-2004,1,1400,2,1,1,5,4,1,2,2,88,88,88,,1,1,1,2,,2,,2,3,3,1,2,2,2,3,3,1,48,56,56,17,2,1
2223,0.6075,16-AUG-2004,,,8/19/04,116,Missoula,MT,1,1,59801,3,10-AUG-2004,1,1400,2,1,1,5,4,1,2,2,88,88,88,,2,0,1,2,,2,,3,3,3,3,3,1,3,1,3,3,71,33,33,12,2,1
2224,0.6075,16-AUG-2004,,,8/23/04,116,Missoula,MT,1,1,59801,3,10-AUG-2004,1,1400,2,1,1,5,4,1,2,2,88,88,88,,2,0,2,88,,88,,2,2,3,1,3,2,2,1,2,2,82,22,22,16,1,1
2225,0.6075,16-AUG-2004,28.08.2004,,9/3/04,117,St Paul,MN,2,2,55108,3,10-AUG-2004,1,1450,2,1,1,8,5,2,1,1,0,0,0,,2,0,1,2,,2,,2,2,2,1,1,1,2,1,2,3,82,22,22,16,1,0
2226,0.6075,16-AUG-2004,28.08.2004,,9/7/04,117,St Paul,MN,2,2,55104,3,10-AUG-2004,1,1450,2,1,1,8,5,2,1,1,88,88,88,,2,0,1,2,,2,,2,3,3,1,1,1,2,1,3,3,82,22,22,16,2,0
2227,0.6075,16-AUG-2004,28.08.2004,11-SEP-2004,9/22/04,117,Northstrand,MN,2,2,55053,3,10-AUG-2004,1,1450,2,1,1,8,5,2,1,1,88,88,88,,2,0,1,2,,1,"Basically we tried not stopping (camping) in burned areas, but we still used the same trails",1,2,3,1,1,3,1,1,2,3,82,22,22,16,2,0
2228,0.6075,16-AUG-2004,,,8/23/04,117,St Paul,MN,2,2,55104,3,10-AUG-2004,1,1450,2,1,1,8,5,2,1,1,88,88,88,,2,0,1,2,,2,,2,2,2,1,1,0,2,2,3,3,82,22,22,16,1,0
2229,0.6075,16-AUG-2004,28.08.2004,11-SEP-2004,,118,Great Falls,MT,1,1,59405,3,10-AUG-2004,1,1450,2,1,1,5,4,2,1,1,0,0,1,under16,1,2,1,2,,2,,3,3,3,1,2,2,3,3,2,3,66,38,38,12,1,0
2230,0.6075,16-AUG-2004,28.08.2004,11-SEP-2004,,118,Great Falls,MT,1,1,59405,3,10-AUG-2004,1,1450,2,1,1,5,4,2,1,1,88,88,88,,2,0,1,2,,2,,3,3,3,1,2,1,2,1,1,2,63,41,41,16,1,0
2231,0.6075,16-AUG-2004,,,8/19/04,118,Cascade,MT,1,1,59421,3,10-AUG-2004,1,1450,2,1,1,5,4,2,1,1,88,88,88,,2,0,1,2,,2,,3,3,3,1,1,1,2,1,3,3,88,,,10,2,0
2232,0.6075,16-AUG-2004,,,8/23/04,118,Great Falls,MT,1,1,59405,3,10-AUG-2004,1,1450,2,1,1,5,4,2,1,1,88,88,88,,1,6,1,1,We didn't come last year,2,,3,3,3,1,1,1,2,2,2,2,61,43,43,14,1,0
2233,0.6075,16-AUG-2004,28.08.2004,11-SEP-2004,,118,Great Falls,MT,1,1,59405,3,10-AUG-2004,1,1450,2,1,1,5,4,2,1,1,88,88,88,,2,0,2,88,,88,,3,3,3,1,1,1,2,1,3,3,86,18,18,12,2,0
2234,0.6075,16-AUG-2004,,,8/19/04,118,Cascade,MT,1,1,59412,3,10-AUG-2004,1,1450,2,1,1,5,4,2,1,1,88,88,88,,1,3,1,1,some of the area were where we were going to go,2,,3,3,3,1,1,1,1,2,2,1,83,21,21,12,2,0
2235,0.6075,16-AUG-2004,,,8/23/04,119,Sun River,MT,1,1,59483,3,11-AUG-2004,1,1243,1,1,2,0,1,2,1,1,0,0,0,,88,88,1,1,"coul not use hiking trails, camp",2,,3,3,3,1,1,3,1,2,2,1,53,51,51,13,1,0
2236,0.6075,16-AUG-2004,,,8/24/04,119,Sun River,MT,1,1,59483,3,11-AUG-2004,1,1243,1,1,2,0,1,2,1,1,88,88,88,,1,7,1,2,,2,,3,3,2,88,2,1,2,2,2,1,51,53,53,14,2,0
2237,0.6075,16-AUG-2004,28.08.2004,11-SEP-2004,10/13/04,120,Solon,OH,2,2,44139,3,11-AUG-2004,1,1300,2,1,1,3,3,2,1,1,0,0,1,under16,2,0,2,88,,88,,3,3,3,1,1,1,2,1,3,1,60,44,44,16,2,0
2238,0.6075,16-AUG-2004,28.08.2004,11-SEP-2004,9/16/04,120,South Russel,OH,2,2,44022,3,11-AUG-2004,1,1300,2,1,1,3,3,2,1,1,88,88,88,,2,0,2,88,,88,,3,3,3,1,2,2,2,1,2,1,88,,,11,2,0
2239,0.6075,16-AUG-2004,28.08.2004,,9/1/04,121,Columbia Falls,MT,1,1,59912,3,11-AUG-2004,1,1405,1,1,1,4,3,2,1,1,0,0,0,,1,6,1,1,I had to work instead of hike,2,,3,3,3,1,3,1,1,3,3,1,67,37,37,16,2,0
2240,0.6075,16-AUG-2004,28.08.2004,,8/25/04,122,Spokane,WA,3,3,99223,3,11-AUG-2004,1,1408,1,1,1,5,4,1,1,1,0,0,1,left trailhead right away,1,3,1,2,,2,,3,3,3,88,3,2,3,2,2,1,62,42,42,16,2,0
2241,0.6075,16-AUG-2004,28.08.2004,11-SEP-2004,,122,Helena,MT,1,1,59601,3,11-AUG-2004,1,1408,1,1,1,5,4,1,1,1,88,88,88,,1,16,1,2,,2,,2,2,3,1,3,2,2,2,3,2,58,46,46,12,2,0
2242,0.6075,16-AUG-2004,,,8/23/04,122,Spokane,WA,3,3,99205,3,11-AUG-2004,1,1408,1,1,1,5,4,1,1,1,88,88,88,,2,0,2,88,,88,,3,3,3,1,2,1,2,1,3,3,76,28,28,16,2,0
2243,0.6075,16-AUG-2004,28.08.2004,,8/26/04,123,Twisp,WA,3,3,98856,3,11-AUG-2004,1,1315,1,1,1,7,5,2,1,1,0,0,0,,1,1,1,2,,2,,3,3,3,1,1,1,2,1,3,1,56,48,48,16,1,0
2244,0.6075,16-AUG-2004,28.08.2004,,8/26/04,123,Twisp,WA,3,3,98856,3,11-AUG-2004,1,1315,1,1,1,7,5,2,1,1,88,88,88,,1,12,1,2,,2,,3,3,3,3,3,2,88,1,3,1,57,47,47,16,2,0
2245,0.6075,16-AUG-2004,28.08.2004,11-SEP-2004,9/14/04,124,North Vancouver,BC,6,4,V7M1M4,3,11-AUG-2004,1,1530,2,1,2,0,1,2,1,1,0,0,0,,2,0,1,2,,2,,3,3,3,1,3,1,1,1,2,1,67,37,37,18,1,0
2246,0.6075,16-AUG-2004,28.08.2004,,9/2/04,124,Missoula,MT,1,1,59802,3,11-AUG-2004,1,1530,2,1,2,0,1,2,1,1,88,88,88,,1,8,1,2,,2,,3,3,3,1,3,1,1,2,3,1,67,37,37,16,2,0
2247,0.6075,16-AUG-2004,28.08.2004,11-SEP-2004,,125,Montevallo,AL,2,2,35115,3,12-AUG-2004,1,700,1,1,1,5,4,1,2,2,27,6,5,outfitters,2,0,1,2,,2,,3,3,3,1,3,3,1,1,3,3,48,56,56,16,2,1
2248,0.6075,16-AUG-2004,28.08.2004,,9/10/04,125,Montevallo,AL,2,2,35115,3,12-AUG-2004,1,700,1,1,1,5,4,1,2,2,88,88,88,,2,0,3,88,,88,,3,3,3,1,3,1,2,1,3,3,51,53,53,18,1,1
2249,0.6075,16-AUG-2004,28.08.2004,,8/27/04,125,Birmingham,AL,2,2,35242,3,12-AUG-2004,1,700,1,1,1,5,4,1,2,2,88,88,88,,2,0,2,88,,88,,3,3,3,1,1,1,1,88,3,3,66,38,38,16,1,1
2250,0.6075,16-AUG-2004,,,8/23/04,125,Birmingmam,AL,2,2,35242,3,12-AUG-2004,1,700,1,1,1,5,4,1,2,2,88,88,88,,2,0,2,88,,88,,3,3,3,1,1,1,1,1,3,1,43,61,61,18,2,1
2251,0.6075,16-AUG-2004,28.08.2004,,9/7/04,125,Park City,UT,4,4,84098,3,12-AUG-2004,1,700,1,1,1,5,4,1,2,2,88,88,88,,2,0,1,2,,2,,3,3,3,1,2,2,1,1,2,1,55,49,49,18,1,1
2252,0.6075,16-AUG-2004,28.08.2004,,8/26/04,125,Park City,UT,4,4,84098,3,12-AUG-2004,1,700,1,1,1,5,4,1,2,2,88,88,88,,2,0,1,2,,2,,3,3,3,1,1,2,2,1,3,3,57,47,47,16,2,1
2253,0.6075,16-AUG-2004,28.08.2004,,9/7/04,125,Seattle,WA,3,3,98103,3,12-AUG-2004,1,700,1,1,1,5,4,1,2,2,88,88,88,,1,4,1,1,change route of pack train,2,,3,3,3,1,2,2,2,2,2,1,46,58,58,20,2,1
2254,1.215,28-AUG-2004,,,9/3/04,126,Sandpoint,ID,4,4,83864,2,16-AUG-2004,1,1745,2,1,1,8,5,2,1,1,0,0,0,,1,2,1,2,,2,,3,3,3,1,2,1,2,1,3,3,85,19,19,12,2,0
2255,1.215,28-AUG-2004,,,9/7/04,126,Sandpoint,ID,4,4,83864,2,16-AUG-2004,1,1745,2,1,1,8,5,2,1,1,88,88,88,,1,3,1,2,,2,,3,3,3,1,2,1,1,2,1,1,44,60,60,17,2,0
2256,1.215,28-AUG-2004,11.09.2004,24-SEP-2004,,127,Bend,OR,3,3,97701,2,17-AUG-2004,1,1730,2,1,2,0,1,2,1,1,0,0,0,,1,30,2,88,,88,,3,3,3,1,3,1,1,1,1,1,54,50,50,12,2,0
2257,1.215,28-AUG-2004,,,9/3/04,127,Bend,OR,3,3,97701,2,17-AUG-2004,1,1730,2,1,2,0,1,2,1,1,88,88,88,,2,0,2,88,,88,,3,3,3,88,88,88,3,88,3,3,87,17,17,11,2,0
2258,1.215,28-AUG-2004,11.09.2004,24-SEP-2004,,128,sherwood,OR,3,3,97140,2,18-AUG-2004,1,1230,1,1,1,1,2,2,1,1,0,0,0,,1,10,1,1,did not go in as much,2,,3,3,3,1,3,1,2,2,1,1,77,27,27,16,1,0
2259,1.215,28-AUG-2004,,,9/7/04,128,Kalispell,MT,1,1,59901,2,18-AUG-2004,1,1230,1,1,1,1,2,2,1,1,88,88,88,,1,10,1,1,"we couldn't go where we wanted, when we wanted",2,,2,2,3,3,3,2,2,2,2,2,83,21,21,14,2,0
2260,1.215,28-AUG-2004,11.09.2004,24-SEP-2004,10/15/04,128,Kalispell,MT,1,1,59901,2,18-AUG-2004,1,1230,1,1,1,1,2,2,1,1,88,88,88,,1,60,1,2,,2,,3,3,3,3,3,1,1,1,2,1,50,54,54,16,2,0
2261,2.43,28-AUG-2004,11.09.2004,24-SEP-2004,,129,Boulder,CO,4,4,80305,8,21-AUG-2004,1,915,1,3,2,0,1,2,1,1,0,0,0,,1,2,2,88,,88,,3,3,3,1,1,3,3,1,3,1,47,57,57,17,2,0
2262,2.43,28-AUG-2004,11.09.2004,24-SEP-2004,,129,Boulder,CO,4,4,80305,8,21-AUG-2004,1,915,1,3,2,0,1,2,1,1,88,88,88,,88,88,88,88,,88,,88,88,88,88,88,88,88,88,88,88,88,,,88,1,0
2263,1.215,28-AUG-2004,,,9/3/04,130,Shelby,MT,1,1,59474,5,23-AUG-2004,1,1630,2,1,1,3,3,2,2,2,4,2,0,,1,10,1,1,didn't go in,2,,2,3,2,88,3,2,2,3,2,2,55,49,49,12,2,1
2264,1.215,28-AUG-2004,11.09.2004,,9/20/04,130,Shelby,MT,1,1,59474,5,23-AUG-2004,1,1630,2,1,1,3,3,2,2,2,88,88,88,,1,5,1,1,went to different area,2,,3,3,3,2,2,2,2,2,2,3,47,57,57,20,2,1
2265,1.215,28-AUG-2004,11.09.2004,,9/14/04,131,Missoula,MT,1,1,59803,5,24-AUG-2004,1,1300,1,1,1,5,4,2,1,1,0,0,0,,2,0,3,88,,88,,3,3,3,1,1,2,3,1,3,3,81,23,23,14,2,0
2266,1.215,28-AUG-2004,,,9/1/04,131,Missoula,MT,1,1,59803,5,24-AUG-2004,1,1300,1,1,1,5,4,2,1,1,88,88,88,,1,4,1,2,,2,,2,2,3,1,1,1,2,2,1,1,82,22,22,16,2,0
2267,0.6075,11-SEP-2004,,,9/21/04,132,Bellingham,WA,3,3,98225,3,30-AUG-2004,1,1700,2,1,1,7,5,1,3,0,88,88,0,,1,1,1,2,,2,,3,3,3,1,3,1,2,1,2,1,48,56,56,16,2,
2268,0.6075,11-SEP-2004,,,9/20/04,132,Bellingham,WA,3,3,98225,3,30-AUG-2004,1,1700,2,1,1,7,5,1,3,0,88,88,88,,2,0,2,88,,88,,3,3,3,1,2,2,2,2,3,3,49,55,55,16,1,
2269,0.6075,11-SEP-2004,,,9/17/04,133,Bellevue,WA,3,3,98005,3,30-AUG-2004,1,1900,2,1,2,0,1,2,1,1,0,0,0,,1,2,2,88,,88,,2,3,3,1,3,2,1,2,2,3,63,41,41,18,2,0
2270,0.6075,11-SEP-2004,,,9/16/04,133,Great Falls,MT,1,1,59403,3,30-AUG-2004,1,1900,2,1,2,0,1,2,1,1,88,88,88,,1,6,1,2,,2,,2,3,3,88,3,1,2,2,1,1,50,54,54,13,2,0
2271,0.6075,11-SEP-2004,24.09.2004,,9/23/04,134,Uniontown,WA,3,3,99179,3,01-SEP-2004,1,830,1,1,1,6,4,2,1,1,0,0,0,,2,0,2,88,,88,,3,3,2,1,1,1,1,2,2,1,41,63,63,20,1,0
2272,0.6075,11-SEP-2004,,,9/17/04,134,Spokane,WA,3,3,99223,3,01-SEP-2004,1,830,1,1,1,6,4,2,1,1,88,88,88,,2,0,2,88,,88,,2,3,3,1,1,1,2,1,3,1,50,54,54,18,2,0
2273,0.6075,11-SEP-2004,,,9/20/04,134,Medical Lake,WA,3,3,99022,3,01-SEP-2004,1,830,1,1,1,6,4,2,1,1,88,88,88,,2,0,2,88,,88,,3,3,3,1,1,1,1,1,2,2,47,57,57,16,2,0
2274,0.6075,11-SEP-2004,,,9/16/04,135,Helena,MT,1,1,59601,3,01-SEP-2004,1,945,1,1,2,0,1,2,1,1,0,0,0,,1,30,1,2,,2,,3,3,2,1,1,2,1,2,3,2,44,60,60,20,2,0
2275,0.6075,11-SEP-2004,24.09.2004,09-OCT-2004,,136,Great Falls,MT,1,1,59404,3,01-SEP-2004,1,1530,2,1,2,0,1,2,2,2,3,2,0,,1,50,1,2,,2,,3,3,3,3,3,1,3,3,1,1,48,56,56,12,1,1
2276,0.6075,11-SEP-2004,24.09.2004,09-OCT-2004,10/20/04,136,Great Falls,MT,1,1,59404,3,01-SEP-2004,1,1530,2,1,2,0,1,2,2,2,88,88,88,,88,88,88,88,,88,,88,88,88,88,88,88,88,88,88,88,88,,,88,2,1
2277,0.6075,11-SEP-2004,24.09.2004,09-OCT-2004,10/16/04,136,Great Falls,MT,1,1,59404,3,01-SEP-2004,1,1530,2,1,2,0,1,2,2,2,88,88,88,,1,11,1,2,,2,,2,3,3,2,2,1,2,2,3,2,46,58,58,12,2,1
2278,0.6075,11-SEP-2004,24.09.2004,09-OCT-2004,,137,Bozeman,MT,1,1,59771,3,02-SEP-2004,1,1200,1,1,1,5,4,2,1,1,0,0,2,"from isreal, away from address for 8-9 months",1,5,1,2,,2,,3,3,3,1,1,1,3,1,3,2,74,30,30,19,2,0
2279,0.6075,11-SEP-2004,,,9/15/04,138,Philipsburg,MT,1,1,59858,3,02-SEP-2004,1,1300,1,1,1,3,3,2,1,1,0,0,0,,1,9,1,2,,2,,3,3,3,1,3,1,2,3,2,1,30,74,74,20,2,0
2280,0.6075,11-SEP-2004,,,9/17/04,138,Lake Orwego,OR,3,3,97034,3,02-SEP-2004,1,1300,1,1,1,3,3,2,1,1,88,88,88,,1,6,2,88,,88,,2,3,3,1,3,2,1,3,2,1,31,73,73,20,2,0
2281,0.6075,11-SEP-2004,,,9/17/04,138,Lake Orwego,OR,3,3,97034,3,02-SEP-2004,1,1300,1,1,1,3,3,2,1,1,88,88,88,,1,5,2,88,,88,,2,2,3,88,3,1,88,2,1,3,31,73,73,17,1,0
2282,0.6075,11-SEP-2004,,,9/20/04,138,Menlo Park,CA,5,4,94025,3,02-SEP-2004,1,1300,1,1,1,3,3,2,1,1,88,88,88,,1,3,1,2,,2,,3,3,3,1,3,1,1,1,1,2,61,43,43,20,2,0
2283,1.215,11-SEP-2004,24.09.2004,09-OCT-2004,10/16/04,139,Bismark,ND,2,2,58501,6,03-SEP-2004,1,1245,2,1,2,0,1,2,1,1,0,0,0,,2,0,1,2,,2,,3,3,3,2,2,2,3,1,2,1,54,50,50,14,2,0
2284,1.215,11-SEP-2004,24.09.2004,09-OCT-2004,,140,Bloomsburg,PA,2,2,17815,6,03-SEP-2004,1,1700,1,1,1,9,5,1,2,2,11,4,1,outfitters,2,0,2,88,,88,,88,2,2,2,3,2,1,2,2,88,27,77,77,12,2,1
2285,1.215,11-SEP-2004,24.09.2004,09-OCT-2004,,140,Millville,PA,2,2,17846,6,03-SEP-2004,1,1700,1,1,1,9,5,1,2,2,88,88,88,,2,0,1,2,,2,,2,2,2,3,3,88,2,88,1,88,50,54,54,12,2,1
2286,1.215,11-SEP-2004,24.09.2004,09-OCT-2004,,140,Hughesville,PA,2,2,17737,6,03-SEP-2004,1,1700,1,1,1,9,5,1,2,2,88,88,88,,2,0,1,2,,2,,3,3,3,3,2,1,3,1,3,3,64,40,40,12,2,1
2287,1.215,11-SEP-2004,24.09.2004,09-OCT-2004,10/20/04,141,ringwood,NJ,2,2,07456,6,03-SEP-2004,1,1645,2,1,1,5,4,1,2,2,22,6,2,outfitters,1,2,1,2,,2,,3,3,3,1,1,2,3,1,3,1,61,43,43,19,1,1
2288,1.215,11-SEP-2004,24.09.2004,09-OCT-2004,,141,ringwood,NJ,2,2,07456,6,03-SEP-2004,1,1645,2,1,1,5,4,1,2,2,88,88,88,,1,1,1,2,,2,,3,3,3,1,1,1,2,2,1,2,59,45,45,14,1,1
2289,1.215,11-SEP-2004,24.09.2004,,9/27/04,141,NY,NY,2,2,10023,6,03-SEP-2004,1,1645,2,1,1,5,4,1,2,2,88,88,88,,2,0,1,2,,2,,3,3,3,1,1,1,2,1,3,3,56,48,48,14,1,1
2290,1.215,11-SEP-2004,24.09.2004,,10/4/04,141,NY,NY,2,2,10023,6,03-SEP-2004,1,1645,2,1,1,5,4,1,2,2,88,88,88,,2,0,1,2,,2,,3,3,3,1,1,1,2,1,3,3,57,47,47,19,1,1
2291,1.215,11-SEP-2004,24.09.2004,09-OCT-2004,,142,Helena,MT,1,1,59601,6,03-SEP-2004,1,1645,1,1,1,3,3,2,1,1,0,0,0,,2,0,1,2,,2,,2,2,3,3,3,1,2,1,3,3,78,26,26,12,2,0
2292,1.215,11-SEP-2004,24.09.2004,09-OCT-2004,10/14/04,142,Missoula,MT,1,1,59803,6,03-SEP-2004,1,1645,1,1,1,3,3,2,1,1,88,88,88,,1,2,1,2,,2,,3,3,3,1,3,1,1,2,1,1,82,22,22,14,2,0
2293,1.215,11-SEP-2004,24.09.2004,09-OCT-2004,,142,East Helena,MT,1,1,59635,6,03-SEP-2004,1,1645,1,1,1,3,3,2,1,1,88,88,88,,1,3,1,2,,2,,2,2,3,2,3,2,3,2,3,2,81,23,23,14,2,0
2294,1.215,11-SEP-2004,24.09.2004,09-OCT-2004,,143,Cascade,MT,1,1,59421,6,04-SEP-2004,1,800,1,1,1,5,4,1,2,2,7,3,2,outfitters,2,0,1,2,,2,,3,3,3,2,2,2,1,2,2,2,70,34,34,16,1,1
2295,1.215,11-SEP-2004,24.09.2004,09-OCT-2004,10/10/04,143,Ft Shaw,MT,1,1,59447,6,04-SEP-2004,1,800,1,1,1,5,4,1,2,2,88,88,88,,1,2,1,2,,2,,3,3,3,3,3,1,3,2,3,1,41,63,63,11,2,1
2296,1.215,11-SEP-2004,24.09.2004,09-OCT-2004,,143,Great Falls,MT,1,1,59401,6,04-SEP-2004,1,800,1,1,1,5,4,1,2,2,88,88,88,,2,0,1,2,,2,,1,2,3,2,1,1,3,1,3,3,67,37,37,17,2,1
2297,1.215,11-SEP-2004,24.09.2004,,9/29/04,144,Great Falls,MT,1,1,59404,6,04-SEP-2004,1,900,1,1,2,0,1,2,2,2,5,2,1,under16,88,88,88,88,,88,,88,88,88,88,88,88,88,88,88,88,88,,,88,1,1
2298,1.215,11-SEP-2004,24.09.2004,09-OCT-2004,,144,Great Falls,MT,1,1,59404,6,04-SEP-2004,1,900,1,1,2,0,1,2,2,2,88,88,88,,88,88,88,88,,88,,88,88,88,88,88,88,88,88,88,88,88,,,88,2,1
2299,1.215,11-SEP-2004,,,9/14/04,144,Great Falls,MT,1,1,59404,6,04-SEP-2004,1,900,1,1,2,0,1,2,2,2,88,88,88,,1,9,1,2,,2,,2,2,2,1,2,2,1,1,2,2,77,27,27,12,2,1
2300,1.215,11-SEP-2004,24.09.2004,09-OCT-2004,10/19/04,144,Ft Shaw,MT,1,1,59943,6,04-SEP-2004,1,900,1,1,2,0,1,2,2,2,88,88,88,,88,88,88,88,,88,,88,88,88,88,88,88,88,88,88,88,88,,,88,1,1
2301,1.215,11-SEP-2004,24.09.2004,09-OCT-2004,10/19/04,144,Ft Shaw,MT,1,1,59943,6,04-SEP-2004,1,900,1,1,2,0,1,2,2,2,88,88,88,,88,88,88,88,,88,,88,88,88,88,88,88,88,88,88,88,88,,,88,2,1
2302,1.215,11-SEP-2004,24.09.2004,,10/4/04,145,Helena,MT,1,1,59601,6,05-SEP-2004,1,1030,1,1,2,0,1,2,2,2,4,2,0,,1,4,1,1,unsure how it affected the fishing,2,,3,3,3,3,3,3,3,3,3,3,57,47,47,12,2,1
2303,1.215,11-SEP-2004,,,9/14/04,145,Helena,MT,1,1,59602,6,05-SEP-2004,1,1030,1,1,2,0,1,2,2,2,88,88,88,,1,50,1,2,,2,,3,3,3,3,3,3,3,3,3,3,88,,,12,2,1
2304,1.215,11-SEP-2004,,,9/14/04,145,Helena MT,MT,1,1,59602,6,05-SEP-2004,1,1030,1,1,2,0,1,2,2,2,88,88,88,,88,88,1,2,,2,,3,3,3,1,3,1,1,1,1,1,43,61,61,16,2,1
2305,1.215,11-SEP-2004,24.09.2004,09-OCT-2004,,146,East Helena,MT,1,1,59635,6,05-SEP-2004,1,1130,1,1,2,0,1,2,2,2,6,3,3,under16,88,88,88,88,,88,,88,88,88,88,88,88,88,88,88,88,88,,,88,2,1
2306,1.215,11-SEP-2004,24.09.2004,09-OCT-2004,,146,East Helena,MT,1,1,59635,6,05-SEP-2004,1,1130,1,1,2,0,1,2,2,2,88,88,88,,88,88,88,88,,88,,88,88,88,88,88,88,88,88,88,88,88,,,88,1,1
2307,1.215,11-SEP-2004,24.09.2004,,10/6/04,146,East Helena,MT,1,1,59635,6,05-SEP-2004,1,1130,1,1,2,0,1,2,2,2,88,88,88,,88,88,88,88,,88,,88,88,88,88,88,88,88,88,88,88,88,,,88,2,1
2308,1.215,11-SEP-2004,,,9/17/04,146,East Helena,MT,1,1,59635,6,05-SEP-2004,1,1130,1,1,2,0,1,2,2,2,88,88,88,,88,88,88,88,,88,,88,88,88,88,88,88,88,88,88,88,88,,,88,1,1
2309,0.81,11-SEP-2004,,,9/21/04,147,Missoula,MT,1,1,59804,9,06-SEP-2004,1,1315,2,1,1,1,2,2,2,2,6,3,0,,1,23,1,1,changed plans,1,used non wilderness roadless areas instead for two summer trips,3,3,3,2,1,1,2,2,2,88,44,60,60,20,2,1
2310,0.81,11-SEP-2004,24.09.2004,09-OCT-2004,10/17/04,147,Missoula,MT,1,1,59804,9,06-SEP-2004,1,1315,2,1,1,1,2,2,2,2,88,88,88,,88,88,88,88,,88,,88,88,88,88,88,88,88,88,88,88,88,,,88,2,1
2311,0.81,11-SEP-2004,24.09.2004,09-OCT-2004,10/16/04,148,Hamilton,MT,1,1,59840,9,06-SEP-2004,1,1345,2,1,2,0,1,2,2,2,3,2,0,,2,0,1,2,,2,,3,3,3,3,3,2,1,1,3,1,46,58,58,18,2,1
2312,0.81,11-SEP-2004,24.09.2004,09-OCT-2004,,148,Hamilton,MT,1,1,59840,9,06-SEP-2004,1,1345,2,1,2,0,1,2,2,2,88,88,88,,88,88,88,88,,88,,88,88,88,88,88,88,88,88,88,88,88,,,88,1,1
2313,0.81,11-SEP-2004,,,9/17/04,149,Missoula,MT,1,1,59802,9,06-SEP-2004,1,1400,2,1,2,0,1,2,1,1,0,0,0,,1,10,1,1,only closures because they would not let me in,2,,3,3,3,1,3,1,2,2,2,1,79,25,25,16,2,0
2314,0.81,11-SEP-2004,24.09.2004,09-OCT-2004,,149,Missoula,MT 59802,1,1,,9,06-SEP-2004,1,1400,2,1,2,0,1,2,1,1,88,88,88,,2,0,1,2,,2,,3,3,3,2,3,2,2,1,2,3,79,25,25,16,2,0
2315,0.81,11-SEP-2004,,,9/16/04,151,Helena,MT,1,1,59601,9,06-SEP-2004,1,1520,2,1,2,0,1,2,1,1,0,0,0,,1,60,1,2,,2,,2,2,3,1,2,2,1,2,2,2,43,61,61,16,1,0
2316,0.81,11-SEP-2004,,,9/15/04,151,Helena,MT,1,1,59601,9,06-SEP-2004,1,1520,2,1,2,0,1,2,1,1,88,88,88,,1,60,1,2,,2,,88,2,1,1,3,1,1,2,1,88,36,68,68,12,2,0
2317,0.81,11-SEP-2004,,,9/17/04,152,Missoula,MT,1,1,59802,9,06-SEP-2004,1,1600,2,1,1,1,2,2,1,1,0,0,0,,2,0,1,2,,2,,2,3,2,3,3,1,1,1,3,1,79,25,25,16,2,0
2318,0.81,11-SEP-2004,24.09.2004,,9/24/04,152,Missoula,MT,1,1,59802,9,06-SEP-2004,1,1600,2,1,1,1,2,2,1,1,88,88,88,,2,0,1,2,,2,,3,3,1,3,3,1,1,1,3,3,77,27,27,14,2,0
2319,0.81,11-SEP-2004,24.09.2004,,9/30/04,153,Deale,MD,2,2,20751,9,06-SEP-2004,1,1500,2,1,2,0,1,2,1,1,0,0,0,,1,3,2,88,,88,,3,3,2,1,3,1,1,2,1,1,53,51,51,19,2,0
2320,0.81,11-SEP-2004,24.09.2004,09-OCT-2004,10/14/04,154,Missoula,MT,1,1,59801,9,06-SEP-2004,1,1600,2,1,1,2,2,2,1,1,0,0,0,,1,10,1,2,,2,,3,3,3,88,2,1,2,2,2,2,76,28,28,16,2,0
2321,0.81,11-SEP-2004,24.09.2004,09-OCT-2004,,154,Missoula,Mt,1,1,59801,9,06-SEP-2004,1,1600,2,1,1,2,2,2,1,1,88,88,88,,2,0,1,2,,2,,3,3,3,1,3,1,1,1,3,3,75,29,29,17,1,0
2322,0.81,11-SEP-2004,,,9/15/04,154,Missoula,MT,1,1,59801,9,06-SEP-2004,1,1600,2,1,1,2,2,2,1,1,88,88,88,,2,0,2,88,,88,,3,3,3,1,1,3,1,1,1,1,76,28,28,20,1,0
2323,0.81,11-SEP-2004,24.09.2004,09-OCT-2004,,154,Missoula,MT,1,1,59801,9,06-SEP-2004,1,1600,2,1,1,2,2,2,1,1,88,88,88,,1,7,1,1,plans on 4th of july cancelled due to fire,2,,3,3,3,1,3,2,3,3,3,3,74,30,30,17,1,0
2324,0.81,11-SEP-2004,,,9/15/04,154,Missoula,MT,1,1,59801,9,06-SEP-2004,1,1600,2,1,1,2,2,2,1,1,88,88,88,,1,3,1,2,,2,,3,3,3,88,3,1,2,2,3,2,76,28,28,17,2,0
2325,0.81,11-SEP-2004,,,9/20/04,154,Missoula,MT,1,1,59801,9,06-SEP-2004,1,1600,2,1,1,2,2,2,1,1,88,88,88,,2,0,1,2,,2,,3,3,3,2,3,2,1,1,3,2,76,28,28,16,2,0
2326,0.81,11-SEP-2004,24.09.2004,09-OCT-2004,10/8/04,155,Ovando,MT,1,1,59854,9,06-SEP-2004,1,1800,2,1,1,3,3,2,2,2,7,3,2,under16,88,88,88,88,,88,,88,88,88,88,88,88,88,88,88,88,88,,,88,2,1
2327,0.81,11-SEP-2004,24.09.2004,09-OCT-2004,,155,Stevensville,MT,1,1,59870,9,06-SEP-2004,1,1800,2,1,1,3,3,2,2,2,88,88,88,,88,88,88,88,,88,,88,88,88,88,88,88,88,88,88,88,88,,,88,1,1
2328,0.81,11-SEP-2004,24.09.2004,,9/29/04,156,Great Falls,MT,1,1,59404,9,07-SEP-2004,1,1730,2,1,1,2,2,2,2,2,4,2,0,,88,88,88,88,,88,,88,88,88,88,88,88,88,88,88,88,88,,,88,2,1
2329,0.81,11-SEP-2004,24.09.2004,,9/29/04,156,Great Falls,MT,1,1,59404,9,07-SEP-2004,1,1730,2,1,1,2,2,2,2,2,88,88,88,,88,88,88,88,,88,,88,88,88,88,88,88,88,88,88,88,88,,,88,1,1
2330,0.81,11-SEP-2004,24.09.2004,09-OCT-2004,,157,Huson,MT,1,1,59846,9,07-SEP-2004,1,1745,2,1,1,5,4,2,2,2,4,2,0,,1,12,1,2,,2,,3,3,3,3,3,1,3,3,1,1,65,39,39,16,2,1
2331,0.81,11-SEP-2004,24.09.2004,09-OCT-2004,,157,Huson,MT,1,1,59846,9,07-SEP-2004,1,1745,2,1,1,5,4,2,2,2,88,88,88,,88,88,88,88,,88,,88,88,88,88,88,88,88,88,88,88,88,,,88,1,1
2332,0.81,11-SEP-2004,,,9/20/04,158,Kalispell,MT,1,1,59903,9,07-SEP-2004,1,930,1,1,2,0,1,2,1,1,0,0,0,,1,4,1,2,,2,,1,3,3,3,3,2,3,3,2,1,52,52,52,12,2,0
2333,0.81,11-SEP-2004,,,9/16/04,158,Kalispell,MT,1,1,59904,9,07-SEP-2004,1,930,1,1,2,0,1,2,1,1,88,88,88,,1,20,1,1,didn't come to camp because no fires were allowed,2,,3,3,3,3,3,1,3,3,3,1,62,42,42,13,2,0
2334,0.81,11-SEP-2004,,,9/15/04,159,Clinton,MT,1,1,59825,9,08-SEP-2004,1,1051,1,1,2,0,1,2,1,1,0,0,0,,88,88,1,2,,2,,3,3,3,2,3,1,2,1,1,1,28,76,76,18,2,0
2335,0.81,11-SEP-2004,24.09.2004,09-OCT-2004,,160,Kalispell,MT,1,1,59901,9,08-SEP-2004,1,1000,1,1,2,0,1,2,1,1,0,0,0,,1,1,1,1,cancelled trip,2,,1,1,1,1,3,1,1,1,1,1,61,43,43,14,2,0
2336,0.81,11-SEP-2004,,,9/17/04,160,Kalispell,MT,1,1,59901,9,08-SEP-2004,1,1000,1,1,2,0,1,2,1,1,88,88,88,,2,0,1,2,,2,,3,3,3,3,3,1,2,88,2,2,50,54,54,16,2,0
2337,1.215,24-SEP-2004,09.10.2004,22-OCT-2004,,161,North Aurora,IL,2,2,60542,12,14-SEP-2004,2,830,1,1,1,10,5,1,2,2,22,6,3,outfitters,2,0,1,2,,2,,2,3,3,3,3,2,1,1,1,2,58,46,46,16,2,1
2338,1.215,24-SEP-2004,09.10.2004,22-OCT-2004,,161,North Aurora,IL,2,2,60542,12,14-SEP-2004,2,830,1,1,1,10,5,1,2,2,88,88,88,,2,0,1,2,,2,,2,2,3,3,3,1,2,1,1,2,60,44,44,15,1,1
2339,1.215,24-SEP-2004,09.10.2004,22-OCT-2004,,161,Woodinville,WA,3,3,98072,12,14-SEP-2004,2,830,1,1,1,10,5,1,2,2,88,88,88,,1,1,1,2,,2,,3,3,3,2,2,2,2,2,2,3,68,36,36,12,2,1
2340,1.215,24-SEP-2004,09.10.2004,22-OCT-2004,,161,Woodinville,WA,3,3,98072,12,14-SEP-2004,2,830,1,1,1,10,5,1,2,2,88,88,88,,1,6,1,2,,2,,3,3,3,3,88,2,2,2,3,3,50,54,54,16,2,1
2341,1.215,24-SEP-2004,,,10/6/04,162,,PA,2,2,19508,12,14-SEP-2004,2,1000,1,1,1,7,5,1,2,2,15,4,3,outfitters,2,0,1,1,had to rebook trip on 2004,2,,2,3,3,2,2,2,2,3,3,1,54,50,50,12,2,1
2342,1.215,24-SEP-2004,09.10.2004,22-OCT-2004,,162,Grass Valley,CA,5,4,95949,12,14-SEP-2004,2,1000,1,1,1,7,5,1,2,2,88,88,88,,2,0,1,2,,2,,3,3,3,3,3,2,3,2,2,2,46,58,58,12,2,1
2343,1.215,24-SEP-2004,09.10.2004,22-OCT-2004,,162,Colfax,CA,5,4,95713,12,14-SEP-2004,2,1000,1,1,1,7,5,1,2,2,88,88,88,,1,6,1,2,,2,,3,3,3,3,3,2,2,2,1,2,62,42,42,16,2,1
2344,1.215,24-SEP-2004,09.10.2004,22-OCT-2004,,163,Hungry Horse,MT,1,1,59919,12,14-SEP-2004,2,1200,1,1,1,8,5,2,2,2,6,3,1,under16,88,88,88,88,,88,,88,88,88,88,88,88,88,88,88,88,88,,,88,2,1
2345,1.215,24-SEP-2004,09.10.2004,22-OCT-2004,,163,Hungry Horse,MT,1,1,59919,12,14-SEP-2004,2,1200,1,1,1,8,5,2,2,2,88,88,88,,88,88,88,88,,88,,88,88,88,88,88,88,88,88,88,88,88,,,88,2,1
2346,1.215,24-SEP-2004,09.10.2004,22-OCT-2004,,164,Columbia Falls,MT,1,1,59912,2,18-SEP-2004,2,1000,1,1,1,5,4,2,2,2,4,2,0,,1,3,1,2,,2,,88,88,88,88,88,88,88,88,88,88,88,,,88,2,1
2347,1.215,24-SEP-2004,09.10.2004,22-OCT-2004,,164,Kalispell,MT,1,1,59901,2,18-SEP-2004,2,1000,1,1,1,5,4,2,2,2,88,88,88,,88,88,1,2,,2,,2,2,2,3,1,2,1,2,2,1,59,45,45,14,2,1
2348,1.215,24-SEP-2004,09.10.2004,,10/16/04,165,Kalispell,MT,1,1,59901,11,20-SEP-2004,2,1700,2,1,1,4,3,2,2,2,3,2,0,,88,88,88,88,,88,,88,88,88,88,88,88,88,88,88,88,88,,,88,1,1
2349,1.215,24-SEP-2004,09.10.2004,22-OCT-2004,,165,Kalispell,MT,1,1,59901,11,20-SEP-2004,2,1700,2,1,1,4,3,2,2,2,88,88,88,,88,88,88,88,,88,,88,88,88,88,88,88,88,88,88,88,88,,,88,2,1
2350,1.215,24-SEP-2004,,,10/4/04,166,Grants Pass,OR,3,3,97527,11,23-SEP-2004,2,1600,2,1,1,10,5,1,2,2,28,6,5,outfitters,1,3,1,2,,2,,3,3,3,3,1,1,1,2,1,1,37,67,67,16,2,1
2351,1.215,24-SEP-2004,09.10.2004,22-OCT-2004,,166,Bartlett,IL,2,2,60103,11,23-SEP-2004,2,1600,2,1,1,10,5,1,2,2,88,88,88,,2,0,1,2,,2,,3,3,3,3,2,2,3,1,3,2,61,43,43,17,2,1
2352,1.215,24-SEP-2004,09.10.2004,,10/13/04,166,New York,NY,2,2,10011,11,23-SEP-2004,2,1600,2,1,1,10,5,1,2,2,88,88,88,,1,14,1,2,,2,,3,3,3,3,3,2,3,1,1,1,59,45,45,18,1,1
2353,1.215,24-SEP-2004,,,10/5/04,166,Moundsville,WV,2,2,26041,11,23-SEP-2004,2,1600,2,1,1,10,5,1,2,2,88,88,88,,1,15,1,2,,2,,3,3,3,2,2,1,2,2,2,2,45,59,59,14,1,1
2354,1.215,24-SEP-2004,,,10/4/04,166,Moundsville,WV,2,2,26041,11,23-SEP-2004,2,1600,2,1,1,10,5,1,2,2,88,88,88,,1,17,1,2,,2,,3,3,3,3,3,2,2,3,1,1,49,55,55,12,2,1
2355,1.215,24-SEP-2004,09.10.2004,22-OCT-2004,,166,Hastings,MI,2,2,49058,11,23-SEP-2004,2,1600,2,1,1,10,5,1,2,2,88,88,88,,2,0,1,2,,2,,3,3,3,3,88,1,2,1,3,1,50,54,54,16,2,1
2356,1.215,24-SEP-2004,,,10/6/04,166,Narberth,PA,2,2,19072,11,23-SEP-2004,2,1600,2,1,1,10,5,1,2,2,88,88,88,,1,3,1,2,,2,,3,3,3,3,3,2,3,2,2,1,65,39,39,20,2,1
2357,1.215,24-SEP-2004,,,10/17/04,166,Chesapeake,VA,2,2,23322,11,23-SEP-2004,2,1600,2,1,1,10,5,1,2,2,88,88,88,,2,0,1,2,,2,,3,3,3,3,3,2,1,1,3,1,39,65,65,12,2,1
2358,1.215,09-OCT-2004,22.10.2004,,10/20/04,167,Bigfork,MT,1,1,59911,10,27-SEP-2004,2,1545,2,1,1,3,3,2,2,2,88,88,88,,88,88,88,88,,88,,88,88,88,88,88,88,88,88,88,88,88,,,88,2,1
2359,1.215,09-OCT-2004,22.10.2004,,10/20/04,167,Bigfork,MT,1,1,59911,10,27-SEP-2004,2,1545,2,1,1,3,3,2,2,2,2,1,0,,88,88,88,88,,88,,88,88,88,88,88,88,88,88,88,88,88,,,88,1,1
2360,1.215,09-OCT-2004,22.10.2004,,,168,St Ignatious,MT,1,1,59865,10,28-SEP-2004,2,930,1,1,1,3,3,2,2,2,6,3,0,,88,88,88,88,,88,,88,88,88,88,88,88,88,88,88,88,88,,,88,2,1
2361,1.215,09-OCT-2004,22.10.2004,,,168,St Ignatious,MT,1,1,59865,10,28-SEP-2004,2,930,1,1,1,3,3,2,2,2,88,88,88,,88,88,88,88,,88,,88,88,88,88,88,88,88,88,88,88,88,,,88,2,1
2362,1.215,09-OCT-2004,22.10.2004,,,168,Polson,MT,1,1,59860,10,28-SEP-2004,2,930,1,1,1,3,3,2,2,2,88,88,88,,88,88,88,88,,88,,88,88,88,88,88,88,88,88,88,88,88,,,88,2,1
2363,0.81,09-OCT-2004,22.10.2004,,,169,Missoula,MT,1,1,59808,9,01-OCT-2004,2,1205,1,1,1,2,2,2,1,1,3,2,2,under16,1,20,3,2,,2,,1,1,2,3,3,1,2,1,2,1,60,44,44,12,2,0
2364,0.81,09-OCT-2004,22.10.2004,,,169,Missoula,MT,1,1,59808,9,01-OCT-2004,2,1205,1,1,1,2,2,2,2,2,88,88,88,,1,20,1,2,,2,,2,3,2,2,3,1,2,1,1,1,61,43,43,12,2,1
2365,0.81,09-OCT-2004,22.10.2004,,,170,Bozeman,MT,1,1,59715,9,01-OCT-2004,2,1415,1,1,2,0,1,2,1,1,0,0,0,,1,20,1,2,,2,,3,3,2,1,3,1,2,3,3,1,49,55,55,20,2,0
2366,0.81,09-OCT-2004,22.10.2004,,,170,Big Sky,MT,1,1,59716,9,01-OCT-2004,2,1415,1,1,2,0,1,2,1,1,88,88,88,,1,5,2,88,,88,,3,3,3,2,3,1,1,1,1,2,50,54,54,20,2,0
2367,0.81,09-OCT-2004,22.10.2004,,,171,Helena,MT,1,1,59601,9,01-OCT-2004,2,1600,2,1,2,0,1,2,1,1,0,0,0,,1,20,1,2,,2,,3,3,3,1,2,1,1,2,2,1,50,54,54,17,2,0
2368,0.81,09-OCT-2004,22.10.2004,,10/20/04,171,Helena,MT,1,1,59602,9,01-OCT-2004,2,1600,2,1,2,0,1,2,1,1,88,88,88,,1,200,1,1,Couldn't fish Copper Creek of Landers Fork,2,,3,3,2,1,2,1,1,1,2,1,50,54,54,16,2,0
2369,0.81,09-OCT-2004,22.10.2004,,,172,Oakridge,OR,3,3,97463,9,01-OCT-2004,2,1000,1,1,1,4,3,2,1,1,0,0,0,,1,1,1,2,,2,,2,2,3,1,3,1,2,1,2,2,84,20,20,13,2,0
2370,0.81,09-OCT-2004,22.10.2004,,,173,Franklin,TN,2,2,37064,9,02-OCT-2004,2,930,2,3,2,0,1,2,1,1,0,0,0,,1,5,1,2,,2,,3,3,3,2,2,2,1,1,1,1,51,53,53,14,1,0
2371,0.81,09-OCT-2004,22.10.2004,,10/20/04,174,Missoula,MT,1,1,59801,9,02-OCT-2004,2,945,1,1,1,3,3,2,1,1,0,0,1,did not want to participate,88,88,88,88,,88,,88,88,88,88,88,88,88,88,88,88,88,,,88,2,0
2372,0.81,09-OCT-2004,22.10.2004,,,174,Missoula,MT,1,1,59801,9,02-OCT-2004,2,945,1,1,1,3,3,2,1,1,88,88,88,,88,88,88,88,,88,,88,88,88,88,88,88,88,88,88,88,88,,,88,1,0
2373,0.81,09-OCT-2004,22.10.2004,,,175,Missoula,MT,1,1,59803,9,02-OCT-2004,2,1345,2,3,2,0,1,2,1,1,0,0,0,,2,0,2,88,,88,,3,3,3,1,2,1,1,1,1,1,81,23,23,16,1,0
2374,0.81,09-OCT-2004,,,10/15/04,175,Missoula,MT,1,1,59803,9,02-OCT-2004,2,1345,2,3,2,0,1,2,1,1,88,88,88,,1,4,1,2,,2,,3,3,3,1,3,1,2,2,2,3,79,25,25,18,2,0
2375,0.81,09-OCT-2004,22.10.2004,,10/20/04,176,Leavenworth,WA,3,3,98826,9,02-OCT-2004,2,1030,1,1,2,0,1,2,1,1,0,0,0,,1,2,2,88,,88,,3,3,3,1,3,1,2,2,2,2,75,29,29,18,2,0
2376,0.81,09-OCT-2004,22.10.2004,,,177,Lolo,MT,1,1,59847,9,02-OCT-2004,2,1030,1,1,1,14,5,2,2,2,8,3,0,,88,88,88,88,,88,,88,88,88,88,88,88,88,88,88,88,88,,,88,2,1
2377,0.81,09-OCT-2004,22.10.2004,,,177,Lolo,MT,1,1,59847,9,02-OCT-2004,2,1030,1,1,1,14,5,2,2,2,88,88,88,,88,88,88,88,,88,,88,88,88,88,88,88,88,88,88,88,88,,,88,1,1
2378,0.81,09-OCT-2004,22.10.2004,,,177,Lexington,KY,2,2,40511,9,02-OCT-2004,2,1030,1,1,1,14,5,2,2,2,88,88,88,,88,88,88,88,,88,,88,88,88,88,88,88,88,88,88,88,88,,,88,2,1
2379,0.81,09-OCT-2004,22.10.2004,,,177,Kalispell,MT,1,1,59901,9,02-OCT-2004,2,1030,1,1,1,14,5,2,2,2,88,88,88,,88,88,88,88,,88,,88,88,88,88,88,88,88,88,88,88,88,,,88,2,1
2380,0.81,09-OCT-2004,,,10/14/04,178,Helena,MT,1,1,59601,9,03-OCT-2004,2,1100,1,3,2,0,1,2,1,1,0,0,0,,88,88,88,88,,88,,88,88,88,88,88,88,88,88,88,88,88,,,88,1,0
2381,0.81,09-OCT-2004,,,10/14/04,178,Helena,MT,1,1,59601,9,03-OCT-2004,2,1100,1,3,2,0,1,2,1,1,88,88,88,,88,88,88,88,,88,,88,88,88,88,88,88,88,88,88,88,88,,,88,2,0
2382,0.81,09-OCT-2004,22.10.2004,,,178,Clancy,MT,1,1,59634,9,03-OCT-2004,2,1100,1,3,2,0,1,2,1,1,88,88,88,,88,88,88,88,,88,,88,88,88,88,88,88,88,88,88,88,88,,,88,1,0
2383,0.81,09-OCT-2004,,,10/14/04,178,Helena,MT,1,1,59601,9,03-OCT-2004,2,1100,1,3,2,0,1,2,1,1,88,88,88,,88,88,88,88,,88,,88,88,88,88,88,88,88,88,88,88,88,,,88,2,0
2384,0.81,09-OCT-2004,22.10.2004,,,179,Bonner,MT,1,1,59823,9,03-OCT-2004,2,1145,1,1,1,1,2,2,2,2,3,2,0,,88,88,88,88,,88,,88,88,88,88,88,88,88,88,88,88,88,,,88,2,1
2385,0.81,09-OCT-2004,22.10.2004,,,179,Bonner,MT,1,1,59823,9,03-OCT-2004,2,1145,1,1,1,1,2,2,2,2,88,88,88,,88,88,88,88,,88,,88,88,88,88,88,88,88,88,88,88,88,,,88,2,1
2386,0.81,09-OCT-2004,22.10.2004,,,180,Missoula,MT,1,1,59801,9,03-OCT-2004,2,1645,2,3,2,0,1,2,1,1,0,0,0,,1,1,1,2,,2,,2,2,3,2,3,1,1,2,2,2,74,30,30,18,2,0
2387,2.43,09-OCT-2004,,,10/17/04,182,Missoula,MT,1,1,59801,13,04-OCT-2004,2,1400,2,3,2,0,1,2,1,1,0,0,0,,1,16,1,1,would have fished in NF during closure,2,,3,3,3,1,3,2,1,3,1,1,59,45,45,18,2,0
2388,2.43,09-OCT-2004,22.10.2004,,,183,Great Falls,MT,1,1,59404,13,04-OCT-2004,2,1000,1,3,2,0,1,2,1,1,0,0,0,,1,5,1,2,,2,,2,3,3,1,3,1,1,2,3,1,79,25,25,16,2,0
2389,2.43,09-OCT-2004,22.10.2004,,,183,Great Falls,MT,1,1,59404,13,04-OCT-2004,2,1000,1,3,2,0,1,2,1,1,88,88,88,,2,0,1,1,cut my time in the bob down by about a week and had to hike out a different trailhead,2,,2,2,3,1,2,1,2,1,3,3,80,24,24,16,1,0
2390,2.43,09-OCT-2004,22.10.2004,,,184,Missoula,MT,1,1,59804,13,05-OCT-2004,2,1030,1,1,1,7,5,2,2,2,7,3,0,,1,5,1,2,,2,,2,3,3,3,3,2,2,2,1,2,59,45,45,12,2,1
2391,2.43,09-OCT-2004,22.10.2004,,,184,Las Vegas,NV,4,4,89115,13,05-OCT-2004,2,1030,1,1,1,7,5,2,2,2,88,88,88,,1,10,3,88,,88,,3,3,2,3,1,2,1,1,2,2,83,21,21,13,2,1
2392,2.43,09-OCT-2004,,,10/19/04,184,Missoula,MT,1,1,59804,13,05-OCT-2004,2,1030,1,1,1,7,5,2,2,2,88,88,88,,1,30,1,2,,2,,2,3,3,3,3,2,2,2,3,2,54,50,50,13,2,1
2393,2.43,09-OCT-2004,,,10/14/04,184,Florance,MT,1,1,59833,13,05-OCT-2004,2,1030,1,1,1,7,5,2,2,2,88,88,88,,1,25,2,88,,88,,3,3,3,3,3,2,3,2,3,2,60,44,44,16,2,1
2394,0.81,09-OCT-2004,,,10/15/04,185,Missoula,MT,1,1,59803,9,03-OCT-2004,2,1330,1,3,2,0,1,2,1,1,0,0,0,,2,0,1,2,,2,,3,3,3,1,3,2,2,2,3,1,70,34,34,17,2,0
2395,0.81,09-OCT-2004,,,10/10/04,185,Missoula,MT,1,1,59801,9,03-OCT-2004,2,1330,1,3,2,0,1,2,1,1,88,88,88,,1,2,3,88,,88,,3,3,3,3,3,2,2,1,3,2,76,28,28,15,2,0
2396,0.81,09-OCT-2004,22.10.2004,,,185,Missoula,MT,1,1,59803,9,03-OCT-2004,2,1330,1,3,2,0,1,2,1,1,88,88,88,,2,0,1,2,,2,,3,2,3,1,3,1,2,1,3,2,72,32,32,19,2,0
2397,0.81,09-OCT-2004,22.10.2004,,10/20/04,186,Helena,MT,1,1,59601,9,03-OCT-2004,2,1500,2,1,1,9,5,1,2,2,17,5,2,outfitters,1,19,1,2,,2,,2,3,2,3,2,2,2,2,1,88,49,55,55,14,2,1
2398,0.81,09-OCT-2004,,,10/15/04,186,East Helena,MT,1,1,59635,9,03-OCT-2004,2,1500,2,1,1,9,5,1,2,2,88,88,88,,1,14,1,2,,2,,3,3,3,3,2,2,2,3,2,1,52,52,52,16,2,1
2399,1.215,22-OCT-2004,,,,187,Great Falls,MT,1,1,59404,4,11-OCT-2004,2,1550,1,2,2,0,1,2,1,1,0,0,0,,2,0,1,2,,2,,2,3,3,1,1,1,1,1,2,1,76,28,28,16,1,0
2400,1.215,22-OCT-2004,,,,187,Great Falls,MT,1,1,59405,4,11-OCT-2004,2,1550,1,2,2,0,1,2,1,1,88,88,88,,2,0,2,88,,88,,2,2,3,3,3,1,1,1,2,2,77,27,27,16,2,0
2401,1.215,22-OCT-2004,,,,188,Augusta,MT,1,1,59410,4,12-OCT-2004,2,1430,2,3,1,1,2,2,1,1,0,0,0,,1,50,1,1,fires burn you up,2,,2,2,2,88,2,1,1,2,2,2,45,59,59,16,2,0
2402,1.215,22-OCT-2004,,,,189,Polson,MT,1,1,59860,4,14-OCT-2004,2,1015,1,1,1,3,3,2,2,2,6,3,0,,1,3,1,2,,2,,2,2,3,1,3,2,2,1,2,3,53,51,51,12,2,1
2403,1.215,22-OCT-2004,,,,189,Charlo,MT,1,1,59824,4,14-OCT-2004,2,1015,1,1,1,3,3,2,2,2,88,88,88,,1,8,1,1,fires closed the area,2,,2,3,3,1,3,1,1,2,2,2,70,34,34,12,2,1
2404,1.215,22-OCT-2004,,,,189,Moiese,MT,1,1,59824,4,14-OCT-2004,2,1015,1,1,1,3,3,2,2,2,88,88,88,,1,7,1,1,trails were burnt and down timber,2,,3,3,3,1,3,1,2,1,3,1,67,37,37,14,2,1
2405,0.6075,22-OCT-2004,,,,190,Helena,MT,1,1,59602,3,15-OCT-2004,2,1700,2,1,1,3,3,2,2,2,4,2,0,,1,18,1,2,,2,,1,2,2,3,3,1,1,1,1,1,44,60,60,18,2,1
2406,0.6075,22-OCT-2004,,,,190,Helena,MT,1,1,59602,3,15-OCT-2004,2,1700,2,1,1,3,3,2,2,2,88,88,88,,1,45,1,2,,2,,3,3,2,3,2,1,1,2,3,1,41,63,63,15,2,1
12009,1.215,13-JUL-2004,24.07.2004,07-AUG-2004,,12,Missoula,MT,1,1,59801,12,20-JUN-2004,1,1220,1,2,2,0,1,2,1,1,0,0,0,,1,1060,1,2,,2,,3,3,3,3,3,3,2,2,2,2,69,35,35,16,1,0
12038,1.215,13-JUL-2004,24.07.2004,07-AUG-2004,7/30/04,50,Bozeman,MT,1,1,59713,4,02-JUL-2004,1,1245,1,1,1,4,3,2,1,1,0,0,0,,2,0,2,2,,2,,3,3,3,1,3,1,1,1,3,1,76,28,28,16,2,0
