TempReconst7Final.xls,,,,,,
Reconstructed value of March mean temperature at Kyoto City,,,,,,
"801-1400 A.D. : Aono and Saito (2010): International Journal of Biometeorology, 54, 211-219",,,,,,
"1401-1990 A.D. : Aono and Kazui (2008): International Journal of Climatology, 28, 905-914",,,,,,
"Partly modified by Aono (2012): Chikyu Kankyo (Global Environment), 17, 21-29",,,,,,
,,,,,,
Column B; Reconstructed temperature deduced from 5 or more years phenological data in each 31-year time span used for smoothing by local linear regression.,,,,,,
Column C; upper limit of 95% confidence intervals in smoothing procedure for temperature estimates.,,,,,,
Column D; lower limit of 95% confidence intervals in smoothing procedure for temperature estimates.,,,,,,
"Column E; observed temperature, smoothed by same procedure for temperature estimates.",,,,,,
Column F; Urban warming bias was obscured (Using Hikone weather station as a control site).,,,,,,
"Column G; Same as Column F, except for using Kameoka weather station as a control site..",,,,,,
,,,,,,
-50.00 means no data or gap of temperature estimations.,,,,,,
,,,,,,
,,,,,,
AD,Estimated temperature,Upper limit,Lower limit,Observed temperature,Urban bias was subtracted (Hikone),Urban bias was subtracted (Kameoka)
816,-50.00,-50.00,-50.00,-50.00,-50.00,-50.00
817,-50.00,-50.00,-50.00,-50.00,-50.00,-50.00
818,-50.00,-50.00,-50.00,-50.00,-50.00,-50.00
819,-50.00,-50.00,-50.00,-50.00,-50.00,-50.00
820,-50.00,-50.00,-50.00,-50.00,-50.00,-50.00
821,-50.00,-50.00,-50.00,-50.00,-50.00,-50.00
822,-50.00,-50.00,-50.00,-50.00,-50.00,-50.00
823,-50.00,-50.00,-50.00,-50.00,-50.00,-50.00
824,-50.00,-50.00,-50.00,-50.00,-50.00,-50.00
825,-50.00,-50.00,-50.00,-50.00,-50.00,-50.00
826,-50.00,-50.00,-50.00,-50.00,-50.00,-50.00
827,-50.00,-50.00,-50.00,-50.00,-50.00,-50.00
828,-50.00,-50.00,-50.00,-50.00,-50.00,-50.00
829,-50.00,-50.00,-50.00,-50.00,-50.00,-50.00
830,-50.00,-50.00,-50.00,-50.00,-50.00,-50.00
831,-50.00,-50.00,-50.00,-50.00,-50.00,-50.00
832,-50.00,-50.00,-50.00,-50.00,-50.00,-50.00
833,-50.00,-50.00,-50.00,-50.00,-50.00,-50.00
834,-50.00,-50.00,-50.00,-50.00,-50.00,-50.00
835,-50.00,-50.00,-50.00,-50.00,-50.00,-50.00
836,-50.00,-50.00,-50.00,-50.00,-50.00,-50.00
837,-50.00,-50.00,-50.00,-50.00,-50.00,-50.00
838,-50.00,-50.00,-50.00,-50.00,-50.00,-50.00
839,-50.00,-50.00,-50.00,-50.00,-50.00,-50.00
840,-50.00,-50.00,-50.00,-50.00,-50.00,-50.00
841,-50.00,-50.00,-50.00,-50.00,-50.00,-50.00
842,-50.00,-50.00,-50.00,-50.00,-50.00,-50.00
843,-50.00,-50.00,-50.00,-50.00,-50.00,-50.00
844,-50.00,-50.00,-50.00,-50.00,-50.00,-50.00
845,-50.00,-50.00,-50.00,-50.00,-50.00,-50.00
846,-50.00,-50.00,-50.00,-50.00,-50.00,-50.00
847,-50.00,-50.00,-50.00,-50.00,-50.00,-50.00
848,-50.00,-50.00,-50.00,-50.00,-50.00,-50.00
849,-50.00,-50.00,-50.00,-50.00,-50.00,-50.00
850,-50.00,-50.00,-50.00,-50.00,-50.00,-50.00
851,-50.00,-50.00,-50.00,-50.00,-50.00,-50.00
852,-50.00,-50.00,-50.00,-50.00,-50.00,-50.00
853,-50.00,-50.00,-50.00,-50.00,-50.00,-50.00
854,5.87,10.99,0.75,-50.00,5.87,5.87
855,5.99,10.78,1.21,-50.00,5.99,5.99
856,6.12,10.60,1.64,-50.00,6.12,6.12
857,6.25,10.47,2.02,-50.00,6.25,6.25
858,6.37,10.39,2.35,-50.00,6.37,6.37
859,6.50,10.37,2.63,-50.00,6.50,6.50
860,6.62,10.42,2.83,-50.00,6.62,6.62
861,6.75,10.54,2.96,-50.00,6.75,6.75
862,6.88,10.73,3.03,-50.00,6.88,6.88
863,7.00,10.99,3.02,-50.00,7.00,7.00
864,7.13,11.31,2.95,-50.00,7.13,7.13
865,7.25,11.68,2.83,-50.00,7.25,7.25
866,7.38,12.10,2.66,-50.00,7.38,7.38
867,-50.00,-50.00,-50.00,-50.00,-50.00,-50.00
868,-50.00,-50.00,-50.00,-50.00,-50.00,-50.00
869,-50.00,-50.00,-50.00,-50.00,-50.00,-50.00
870,-50.00,-50.00,-50.00,-50.00,-50.00,-50.00
871,-50.00,-50.00,-50.00,-50.00,-50.00,-50.00
872,-50.00,-50.00,-50.00,-50.00,-50.00,-50.00
873,-50.00,-50.00,-50.00,-50.00,-50.00,-50.00
874,-50.00,-50.00,-50.00,-50.00,-50.00,-50.00
875,-50.00,-50.00,-50.00,-50.00,-50.00,-50.00
876,6.63,10.21,3.05,-50.00,6.63,6.63
877,6.51,9.40,3.62,-50.00,6.51,6.51
878,6.44,9.31,3.56,-50.00,6.44,6.44
879,6.42,8.69,4.14,-50.00,6.42,6.42
880,6.44,8.54,4.34,-50.00,6.44,6.44
881,6.44,8.11,4.77,-50.00,6.44,6.44
882,-50.00,-50.00,-50.00,-50.00,-50.00,-50.00
883,-50.00,-50.00,-50.00,-50.00,-50.00,-50.00
884,-50.00,-50.00,-50.00,-50.00,-50.00,-50.00
885,-50.00,-50.00,-50.00,-50.00,-50.00,-50.00
886,-50.00,-50.00,-50.00,-50.00,-50.00,-50.00
887,-50.00,-50.00,-50.00,-50.00,-50.00,-50.00
888,-50.00,-50.00,-50.00,-50.00,-50.00,-50.00
889,-50.00,-50.00,-50.00,-50.00,-50.00,-50.00
890,-50.00,-50.00,-50.00,-50.00,-50.00,-50.00
891,5.60,7.05,4.15,-50.00,5.60,5.60
892,5.71,7.00,4.42,-50.00,5.71,5.71
893,5.82,7.63,4.01,-50.00,5.82,5.82
894,5.95,7.66,4.24,-50.00,5.95,5.95
895,6.08,7.73,4.44,-50.00,6.08,6.08
896,6.22,7.84,4.59,-50.00,6.22,6.22
897,6.40,8.45,4.36,-50.00,6.40,6.40
898,6.23,7.57,4.89,-50.00,6.23,6.23
899,6.30,7.62,4.97,-50.00,6.30,6.30
900,6.36,7.70,5.03,-50.00,6.36,6.36
901,6.43,7.79,5.08,-50.00,6.43,6.43
902,6.65,8.23,5.08,-50.00,6.65,6.65
903,6.74,8.34,5.14,-50.00,6.74,6.74
904,6.83,8.48,5.19,-50.00,6.83,6.83
905,6.88,8.79,4.97,-50.00,6.88,6.88
906,6.98,8.96,5.00,-50.00,6.98,6.98
907,7.11,9.11,5.11,-50.00,7.11,7.11
908,6.93,8.34,5.53,-50.00,6.93,6.93
909,6.98,8.40,5.55,-50.00,6.98,6.98
910,7.08,8.57,5.58,-50.00,7.08,7.08
911,7.20,8.69,5.72,-50.00,7.20,7.20
912,7.35,9.09,5.60,-50.00,7.35,7.35
913,7.36,9.05,5.67,-50.00,7.36,7.36
914,7.37,9.03,5.70,-50.00,7.37,7.37
915,7.45,8.91,5.99,-50.00,7.45,7.45
916,7.48,8.92,6.04,-50.00,7.48,7.48
917,7.50,8.95,6.06,-50.00,7.50,7.50
918,7.40,9.01,5.79,-50.00,7.40,7.40
919,7.37,8.95,5.80,-50.00,7.37,7.37
920,7.34,8.90,5.79,-50.00,7.34,7.34
921,7.32,8.88,5.75,-50.00,7.32,7.32
922,7.29,8.87,5.70,-50.00,7.29,7.29
923,7.26,8.89,5.62,-50.00,7.26,7.26
924,7.21,9.10,5.31,-50.00,7.21,7.21
925,7.19,9.16,5.21,-50.00,7.19,7.19
926,6.85,8.85,4.84,-50.00,6.85,6.85
927,6.78,8.83,4.74,-50.00,6.78,6.78
928,6.61,8.59,4.63,-50.00,6.61,6.61
929,6.92,10.29,3.55,-50.00,6.92,6.92
930,6.77,10.21,3.34,-50.00,6.77,6.77
931,6.63,10.18,3.07,-50.00,6.63,6.63
932,6.48,10.21,2.76,-50.00,6.48,6.48
933,6.33,10.10,2.56,-50.00,6.33,6.33
934,6.40,9.07,3.73,-50.00,6.40,6.40
935,6.80,8.52,5.08,-50.00,6.80,6.80
936,6.79,8.50,5.07,-50.00,6.79,6.79
937,6.77,8.49,5.05,-50.00,6.77,6.77
938,6.76,8.50,5.01,-50.00,6.76,6.76
939,6.84,9.15,4.53,-50.00,6.84,6.84
940,7.40,9.95,4.84,-50.00,7.40,7.40
941,7.45,10.01,4.90,-50.00,7.45,7.45
942,6.82,9.60,4.05,-50.00,6.82,6.82
943,6.68,9.07,4.29,-50.00,6.68,6.68
944,6.78,8.87,4.69,-50.00,6.78,6.78
945,6.81,8.63,4.98,-50.00,6.81,6.81
946,6.47,9.48,3.47,-50.00,6.47,6.47
947,6.58,9.43,3.74,-50.00,6.58,6.58
948,6.72,9.41,4.03,-50.00,6.72,6.72
949,6.49,10.03,2.96,-50.00,6.49,6.49
950,6.71,9.53,3.90,-50.00,6.71,6.71
951,6.83,9.28,4.38,-50.00,6.83,6.83
952,6.94,9.02,4.87,-50.00,6.94,6.94
953,7.02,8.96,5.08,-50.00,7.02,7.02
954,7.10,8.84,5.35,-50.00,7.10,7.10
955,7.17,8.82,5.52,-50.00,7.17,7.17
956,7.25,8.82,5.67,-50.00,7.25,7.25
957,7.56,9.11,6.01,-50.00,7.56,7.56
958,7.54,9.00,6.08,-50.00,7.54,7.54
959,7.47,8.90,6.05,-50.00,7.47,7.47
960,7.43,8.73,6.14,-50.00,7.43,7.43
961,7.39,8.64,6.14,-50.00,7.39,7.39
962,7.23,8.57,5.90,-50.00,7.23,7.23
963,7.16,8.48,5.84,-50.00,7.16,7.16
964,7.10,8.35,5.85,-50.00,7.10,7.10
965,7.20,8.65,5.75,-50.00,7.20,7.20
966,7.08,8.55,5.61,-50.00,7.08,7.08
967,6.97,8.45,5.48,-50.00,6.97,6.97
968,6.85,8.38,5.33,-50.00,6.85,6.85
969,6.74,8.33,5.16,-50.00,6.74,6.74
970,7.07,8.37,5.77,-50.00,7.07,7.07
971,6.94,8.16,5.73,-50.00,6.94,6.94
972,6.93,8.21,5.66,-50.00,6.93,6.93
973,6.96,8.34,5.58,-50.00,6.96,6.96
974,7.14,8.43,5.85,-50.00,7.14,7.14
975,7.07,8.45,5.69,-50.00,7.07,7.07
976,7.06,8.44,5.69,-50.00,7.06,7.06
977,6.84,7.87,5.81,-50.00,6.84,6.84
978,6.82,7.88,5.76,-50.00,6.82,6.82
979,6.73,7.76,5.69,-50.00,6.73,6.73
980,6.74,7.83,5.66,-50.00,6.74,6.74
981,6.76,7.97,5.55,-50.00,6.76,6.76
982,6.75,8.16,5.34,-50.00,6.75,6.75
983,6.79,8.45,5.12,-50.00,6.79,6.79
984,6.84,8.61,5.07,-50.00,6.84,6.84
985,6.48,7.95,5.00,-50.00,6.48,6.48
986,6.52,8.05,4.99,-50.00,6.52,6.52
987,6.57,8.17,4.98,-50.00,6.57,6.57
988,6.64,8.38,4.90,-50.00,6.64,6.64
989,5.91,7.78,4.05,-50.00,5.91,5.91
990,5.98,8.32,3.64,-50.00,5.98,5.98
991,6.20,8.16,4.23,-50.00,6.20,6.20
992,6.16,7.85,4.48,-50.00,6.16,6.16
993,6.57,8.89,4.24,-50.00,6.57,6.57
994,6.48,8.77,4.20,-50.00,6.48,6.48
995,6.74,10.03,3.44,-50.00,6.74,6.74
996,6.60,9.81,3.39,-50.00,6.60,6.60
997,6.46,9.63,3.29,-50.00,6.46,6.46
998,6.32,9.49,3.15,-50.00,6.32,6.32
999,6.08,9.39,2.77,-50.00,6.08,6.08
1000,5.92,9.23,2.61,-50.00,5.92,5.92
1001,5.64,8.16,3.12,-50.00,5.64,5.64
1002,5.79,7.64,3.95,-50.00,5.79,5.79
1003,5.67,7.48,3.86,-50.00,5.67,5.67
1004,5.80,7.31,4.28,-50.00,5.80,5.80
1005,5.53,7.18,3.88,-50.00,5.53,5.53
1006,5.53,7.11,3.94,-50.00,5.53,5.53
1007,5.29,7.34,3.24,-50.00,5.29,5.29
1008,5.32,7.24,3.40,-50.00,5.32,5.32
1009,5.35,7.17,3.53,-50.00,5.35,5.35
1010,5.38,7.14,3.63,-50.00,5.38,5.38
1011,5.42,7.14,3.69,-50.00,5.42,5.42
1012,5.45,7.18,3.71,-50.00,5.45,5.45
1013,5.48,7.27,3.69,-50.00,5.48,5.48
1014,5.14,6.80,3.48,-50.00,5.14,5.14
1015,5.10,6.80,3.41,-50.00,5.10,5.10
1016,5.41,7.24,3.57,-50.00,5.41,5.41
1017,5.30,6.88,3.72,-50.00,5.30,5.30
1018,5.41,6.91,3.92,-50.00,5.41,5.41
1019,5.62,7.22,4.03,-50.00,5.62,5.62
1020,5.89,7.38,4.41,-50.00,5.89,5.89
1021,5.92,7.27,4.57,-50.00,5.92,5.92
1022,5.73,7.32,4.14,-50.00,5.73,5.73
1023,5.66,7.53,3.79,-50.00,5.66,5.66
1024,5.74,7.56,3.92,-50.00,5.74,5.74
1025,5.82,7.62,4.03,-50.00,5.82,5.82
1026,5.87,7.49,4.24,-50.00,5.87,5.87
1027,5.94,7.57,4.32,-50.00,5.94,5.94
1028,6.02,7.66,4.38,-50.00,6.02,6.02
1029,6.09,7.77,4.41,-50.00,6.09,6.09
1030,6.26,7.82,4.70,-50.00,6.26,6.26
1031,6.26,7.64,4.89,-50.00,6.26,6.26
1032,6.39,7.78,5.01,-50.00,6.39,6.39
1033,6.04,7.45,4.64,-50.00,6.04,6.04
1034,6.32,7.93,4.71,-50.00,6.32,6.32
1035,6.11,7.62,4.60,-50.00,6.11,6.11
1036,6.10,7.55,4.65,-50.00,6.10,6.10
1037,6.08,7.49,4.67,-50.00,6.08,6.08
1038,6.07,7.47,4.67,-50.00,6.07,6.07
1039,6.06,7.47,4.65,-50.00,6.06,6.06
1040,6.04,7.49,4.59,-50.00,6.04,6.04
1041,6.03,7.54,4.52,-50.00,6.03,6.03
1042,6.02,7.61,4.42,-50.00,6.02,6.02
1043,6.01,7.70,4.31,-50.00,6.01,6.01
1044,5.99,7.81,4.18,-50.00,5.99,5.99
1045,6.01,7.62,4.40,-50.00,6.01,6.01
1046,6.63,7.97,5.29,-50.00,6.63,6.63
1047,6.53,8.01,5.04,-50.00,6.53,6.53
1048,6.68,8.18,5.19,-50.00,6.68,6.68
1049,6.67,8.42,4.91,-50.00,6.67,6.67
1050,6.45,8.62,4.28,-50.00,6.45,6.45
1051,6.34,7.98,4.70,-50.00,6.34,6.34
1052,6.29,8.37,4.21,-50.00,6.29,6.29
1053,6.34,8.40,4.27,-50.00,6.34,6.34
1054,6.38,8.46,4.31,-50.00,6.38,6.38
1055,6.43,8.54,4.31,-50.00,6.43,6.43
1056,6.01,7.82,4.21,-50.00,6.01,6.01
1057,5.95,8.12,3.78,-50.00,5.95,5.95
1058,6.02,7.81,4.24,-50.00,6.02,6.02
1059,6.02,7.79,4.26,-50.00,6.02,6.02
1060,6.03,7.80,4.26,-50.00,6.03,6.03
1061,6.03,7.82,4.24,-50.00,6.03,6.03
1062,5.96,8.15,3.77,-50.00,5.96,5.96
1063,5.98,8.20,3.75,-50.00,5.98,5.98
1064,6.22,8.97,3.48,-50.00,6.22,6.22
1065,6.36,8.38,4.34,-50.00,6.36,6.36
1066,6.53,9.42,3.63,-50.00,6.53,6.53
1067,6.48,9.27,3.69,-50.00,6.48,6.48
1068,6.65,8.97,4.32,-50.00,6.65,6.65
1069,6.35,9.09,3.60,-50.00,6.35,6.35
1070,6.28,8.94,3.62,-50.00,6.28,6.28
1071,6.21,8.81,3.61,-50.00,6.21,6.21
1072,6.14,8.72,3.56,-50.00,6.14,6.14
1073,6.19,8.32,4.07,-50.00,6.19,6.19
1074,6.14,8.26,4.03,-50.00,6.14,6.14
1075,6.15,7.97,4.34,-50.00,6.15,6.15
1076,6.33,8.59,4.07,-50.00,6.33,6.33
1077,5.73,7.72,3.75,-50.00,5.73,5.73
1078,5.75,7.44,4.06,-50.00,5.75,5.75
1079,5.77,7.41,4.12,-50.00,5.77,5.77
1080,5.87,7.43,4.32,-50.00,5.87,5.87
1081,6.04,7.69,4.39,-50.00,6.04,6.04
1082,5.93,7.95,3.91,-50.00,5.93,5.93
1083,6.02,7.89,4.15,-50.00,6.02,6.02
1084,6.07,7.72,4.43,-50.00,6.07,6.07
1085,6.15,7.74,4.56,-50.00,6.15,6.15
1086,6.23,7.79,4.68,-50.00,6.23,6.23
1087,6.45,7.72,5.19,-50.00,6.45,6.45
1088,6.49,7.72,5.26,-50.00,6.49,6.49
1089,6.37,7.69,5.04,-50.00,6.37,6.37
1090,6.31,7.63,4.98,-50.00,6.31,6.31
1091,6.28,7.55,5.01,-50.00,6.28,6.28
1092,6.26,7.41,5.11,-50.00,6.26,6.26
1093,6.24,7.35,5.12,-50.00,6.24,6.24
1094,6.21,7.31,5.11,-50.00,6.21,6.21
1095,6.19,7.29,5.09,-50.00,6.19,6.19
1096,6.02,7.23,4.80,-50.00,6.02,6.02
1097,6.03,7.13,4.93,-50.00,6.03,6.03
1098,5.99,7.09,4.90,-50.00,5.99,5.99
1099,5.90,6.91,4.89,-50.00,5.90,5.90
1100,6.25,7.19,5.31,-50.00,6.25,6.25
1101,6.20,7.13,5.27,-50.00,6.20,6.20
1102,6.12,7.05,5.18,-50.00,6.12,6.12
1103,6.16,6.98,5.35,-50.00,6.16,6.16
1104,6.16,7.04,5.27,-50.00,6.16,6.16
1105,6.16,6.97,5.36,-50.00,6.16,6.16
1106,6.18,7.07,5.29,-50.00,6.18,6.18
1107,6.13,7.03,5.24,-50.00,6.13,6.13
1108,5.99,6.96,5.02,-50.00,5.99,5.99
1109,6.17,7.08,5.26,-50.00,6.17,6.17
1110,6.06,7.00,5.12,-50.00,6.06,6.06
1111,5.97,6.87,5.06,-50.00,5.97,5.97
1112,5.77,6.52,5.03,-50.00,5.77,5.77
1113,5.70,6.45,4.96,-50.00,5.70,5.70
1114,5.59,6.27,4.91,-50.00,5.59,5.59
1115,5.54,6.23,4.85,-50.00,5.54,5.54
1116,5.58,6.24,4.92,-50.00,5.58,5.58
1117,5.60,6.24,4.95,-50.00,5.60,5.60
1118,5.54,6.25,4.83,-50.00,5.54,5.54
1119,5.56,6.22,4.90,-50.00,5.56,5.56
1120,5.58,6.28,4.88,-50.00,5.58,5.58
1121,5.74,6.39,5.09,-50.00,5.74,5.74
1122,5.74,6.38,5.09,-50.00,5.74,5.74
1123,5.72,6.41,5.03,-50.00,5.72,5.72
1124,5.61,6.32,4.89,-50.00,5.61,5.61
1125,5.66,6.32,5.00,-50.00,5.66,5.66
1126,5.58,6.24,4.92,-50.00,5.58,5.58
1127,5.67,6.41,4.93,-50.00,5.67,5.67
1128,5.61,6.37,4.85,-50.00,5.61,5.61
1129,5.56,6.32,4.79,-50.00,5.56,5.56
1130,5.48,6.13,4.83,-50.00,5.48,5.48
1131,5.45,6.10,4.80,-50.00,5.45,5.45
1132,5.42,6.09,4.75,-50.00,5.42,5.42
1133,5.42,6.17,4.67,-50.00,5.42,5.42
1134,5.35,6.08,4.62,-50.00,5.35,5.35
1135,5.32,6.08,4.55,-50.00,5.32,5.32
1136,5.28,5.98,4.57,-50.00,5.28,5.28
1137,5.25,5.99,4.52,-50.00,5.25,5.25
1138,5.23,6.00,4.46,-50.00,5.23,5.23
1139,5.67,6.49,4.85,-50.00,5.67,5.67
1140,5.61,6.48,4.74,-50.00,5.61,5.61
1141,6.11,7.49,4.73,-50.00,6.11,6.11
1142,6.18,7.67,4.69,-50.00,6.18,6.18
1143,6.25,7.89,4.61,-50.00,6.25,6.25
1144,6.26,7.69,4.82,-50.00,6.26,6.26
1145,6.30,7.89,4.71,-50.00,6.30,6.30
1146,5.97,7.45,4.49,-50.00,5.97,5.97
1147,5.87,7.64,4.10,-50.00,5.87,5.87
1148,5.73,7.19,4.27,-50.00,5.73,5.73
1149,5.84,7.26,4.42,-50.00,5.84,5.84
1150,5.77,7.21,4.32,-50.00,5.77,5.77
1151,5.93,7.47,4.40,-50.00,5.93,5.93
1152,5.87,7.21,4.53,-50.00,5.87,5.87
1153,5.92,7.24,4.61,-50.00,5.92,5.92
1154,5.83,7.02,4.65,-50.00,5.83,5.83
1155,5.89,7.05,4.72,-50.00,5.89,5.89
1156,5.82,7.08,4.56,-50.00,5.82,5.82
1157,6.04,7.34,4.74,-50.00,6.04,6.04
1158,5.92,7.27,4.57,-50.00,5.92,5.92
1159,6.14,7.76,4.52,-50.00,6.14,6.14
1160,6.02,7.59,4.45,-50.00,6.02,6.02
1161,6.27,8.20,4.34,-50.00,6.27,6.27
1162,6.11,7.93,4.29,-50.00,6.11,6.11
1163,5.95,7.68,4.22,-50.00,5.95,5.95
1164,5.88,7.36,4.40,-50.00,5.88,5.88
1165,5.88,7.15,4.61,-50.00,5.88,5.88
1166,5.80,7.04,4.56,-50.00,5.80,5.80
1167,5.95,7.23,4.66,-50.00,5.95,5.95
1168,5.95,7.10,4.81,-50.00,5.95,5.95
1169,5.82,7.00,4.65,-50.00,5.82,5.82
1170,5.59,6.73,4.45,-50.00,5.59,5.59
1171,5.52,6.64,4.39,-50.00,5.52,5.52
1172,5.29,6.14,4.43,-50.00,5.29,5.29
1173,5.29,6.09,4.48,-50.00,5.29,5.29
1174,5.28,6.08,4.48,-50.00,5.28,5.28
1175,5.17,5.97,4.37,-50.00,5.17,5.17
1176,5.19,5.95,4.43,-50.00,5.19,5.19
1177,5.24,6.03,4.44,-50.00,5.24,5.24
1178,5.23,6.03,4.42,-50.00,5.23,5.23
1179,5.10,6.01,4.19,-50.00,5.10,5.10
1180,5.00,5.89,4.11,-50.00,5.00,5.00
1181,4.96,5.90,4.02,-50.00,4.96,4.96
1182,4.83,5.69,3.98,-50.00,4.83,4.83
1183,4.85,5.77,3.94,-50.00,4.85,4.85
1184,4.86,5.71,4.00,-50.00,4.86,4.86
1185,4.98,5.84,4.13,-50.00,4.98,4.98
1186,5.26,6.24,4.28,-50.00,5.26,5.26
1187,5.28,6.22,4.35,-50.00,5.28,5.28
1188,5.24,6.22,4.27,-50.00,5.24,5.24
1189,5.30,6.15,4.46,-50.00,5.30,5.30
1190,5.39,6.21,4.56,-50.00,5.39,5.39
1191,5.48,6.31,4.64,-50.00,5.48,5.48
1192,5.61,6.42,4.80,-50.00,5.61,5.61
1193,5.61,6.42,4.80,-50.00,5.61,5.61
1194,5.61,6.43,4.80,-50.00,5.61,5.61
1195,5.48,6.30,4.66,-50.00,5.48,5.48
1196,5.36,6.19,4.52,-50.00,5.36,5.36
1197,5.52,6.42,4.61,-50.00,5.52,5.52
1198,5.44,6.36,4.53,-50.00,5.44,5.44
1199,5.38,6.43,4.33,-50.00,5.38,5.38
1200,5.46,6.36,4.56,-50.00,5.46,5.46
1201,5.65,6.49,4.81,-50.00,5.65,5.65
1202,5.70,6.53,4.87,-50.00,5.70,5.70
1203,5.66,6.59,4.73,-50.00,5.66,5.66
1204,5.70,6.71,4.68,-50.00,5.70,5.70
1205,5.69,6.58,4.79,-50.00,5.69,5.69
1206,5.84,6.74,4.93,-50.00,5.84,5.84
1207,5.83,6.82,4.85,-50.00,5.83,5.83
1208,5.76,6.63,4.88,-50.00,5.76,5.76
1209,5.79,6.65,4.93,-50.00,5.79,5.79
1210,6.01,6.72,5.30,-50.00,6.01,6.01
1211,6.00,6.67,5.32,-50.00,6.00,6.00
1212,5.92,6.60,5.24,-50.00,5.92,5.92
1213,5.89,6.57,5.21,-50.00,5.89,5.89
1214,6.01,6.67,5.35,-50.00,6.01,6.01
1215,6.10,6.76,5.45,-50.00,6.10,6.10
1216,6.15,6.81,5.48,-50.00,6.15,6.15
1217,6.18,7.01,5.36,-50.00,6.18,6.18
1218,6.18,6.98,5.37,-50.00,6.18,6.18
1219,6.20,7.05,5.34,-50.00,6.20,6.20
1220,6.20,6.98,5.42,-50.00,6.20,6.20
1221,6.38,7.45,5.32,-50.00,6.38,6.38
1222,6.45,7.50,5.40,-50.00,6.45,6.45
1223,6.47,7.60,5.35,-50.00,6.47,6.47
1224,6.55,7.68,5.43,-50.00,6.55,6.55
1225,6.51,7.53,5.49,-50.00,6.51,6.51
1226,6.63,7.62,5.63,-50.00,6.63,6.63
1227,6.67,7.69,5.65,-50.00,6.67,6.67
1228,6.66,7.80,5.53,-50.00,6.66,6.66
1229,6.55,7.58,5.51,-50.00,6.55,6.55
1230,6.42,7.44,5.41,-50.00,6.42,6.42
1231,6.56,7.58,5.54,-50.00,6.56,6.56
1232,6.47,7.49,5.46,-50.00,6.47,6.47
1233,6.49,7.51,5.47,-50.00,6.49,6.49
1234,6.41,7.38,5.45,-50.00,6.41,6.41
1235,6.19,7.23,5.15,-50.00,6.19,6.19
1236,6.33,7.36,5.29,-50.00,6.33,6.33
1237,6.25,7.32,5.18,-50.00,6.25,6.25
1238,6.24,7.32,5.16,-50.00,6.24,6.24
1239,6.30,7.43,5.18,-50.00,6.30,6.30
1240,6.25,7.38,5.11,-50.00,6.25,6.25
1241,6.23,7.47,4.99,-50.00,6.23,6.23
1242,6.51,7.70,5.32,-50.00,6.51,6.51
1243,6.60,7.92,5.27,-50.00,6.60,6.60
1244,6.74,7.92,5.56,-50.00,6.74,6.74
1245,6.66,7.88,5.44,-50.00,6.66,6.66
1246,6.64,7.96,5.32,-50.00,6.64,6.64
1247,6.76,8.05,5.47,-50.00,6.76,6.76
1248,6.27,7.64,4.91,-50.00,6.27,6.27
1249,6.33,7.70,4.95,-50.00,6.33,6.33
1250,6.41,7.69,5.12,-50.00,6.41,6.41
1251,6.55,7.92,5.17,-50.00,6.55,6.55
1252,6.09,7.31,4.87,-50.00,6.09,6.09
1253,6.12,7.26,4.99,-50.00,6.12,6.12
1254,6.19,7.28,5.10,-50.00,6.19,6.19
1255,6.24,7.32,5.16,-50.00,6.24,6.24
1256,6.29,7.40,5.18,-50.00,6.29,6.29
1257,6.35,7.44,5.25,-50.00,6.35,6.35
1258,6.40,7.50,5.30,-50.00,6.40,6.40
1259,6.46,7.57,5.34,-50.00,6.46,6.46
1260,6.40,7.44,5.37,-50.00,6.40,6.40
1261,6.47,7.54,5.39,-50.00,6.47,6.47
1262,6.40,7.59,5.22,-50.00,6.40,6.40
1263,6.23,7.39,5.06,-50.00,6.23,6.23
1264,6.29,7.38,5.19,-50.00,6.29,6.29
1265,6.38,7.46,5.30,-50.00,6.38,6.38
1266,6.61,7.71,5.51,-50.00,6.61,6.61
1267,6.56,7.72,5.39,-50.00,6.56,6.56
1268,6.55,7.62,5.49,-50.00,6.55,6.55
1269,6.57,7.56,5.59,-50.00,6.57,6.57
1270,6.71,7.75,5.66,-50.00,6.71,6.71
1271,6.57,7.67,5.47,-50.00,6.57,6.57
1272,6.46,7.57,5.35,-50.00,6.46,6.46
1273,6.27,7.25,5.29,-50.00,6.27,6.27
1274,6.21,7.15,5.28,-50.00,6.21,6.21
1275,6.06,6.93,5.20,-50.00,6.06,6.06
1276,6.02,6.88,5.16,-50.00,6.02,6.02
1277,5.98,6.80,5.16,-50.00,5.98,5.98
1278,5.86,6.63,5.08,-50.00,5.86,5.86
1279,6.15,6.88,5.42,-50.00,6.15,6.15
1280,6.19,6.87,5.51,-50.00,6.19,6.19
1281,6.07,6.70,5.45,-50.00,6.07,6.07
1282,6.05,6.67,5.42,-50.00,6.05,6.05
1283,6.04,6.72,5.37,-50.00,6.04,6.04
1284,6.01,6.72,5.30,-50.00,6.01,6.01
1285,5.93,6.62,5.23,-50.00,5.93,5.93
1286,6.14,6.97,5.32,-50.00,6.14,6.14
1287,6.15,7.29,5.02,-50.00,6.15,6.15
1288,6.26,7.40,5.12,-50.00,6.26,6.26
1289,6.36,7.52,5.20,-50.00,6.36,6.36
1290,6.47,7.67,5.27,-50.00,6.47,6.47
1291,6.56,7.86,5.27,-50.00,6.56,6.56
1292,6.46,7.55,5.37,-50.00,6.46,6.46
1293,6.54,7.67,5.40,-50.00,6.54,6.54
1294,6.65,7.67,5.62,-50.00,6.65,6.65
1295,6.69,7.90,5.47,-50.00,6.69,6.69
1296,6.88,8.45,5.30,-50.00,6.88,6.88
1297,6.86,8.27,5.45,-50.00,6.86,6.86
1298,6.96,8.41,5.51,-50.00,6.96,6.96
1299,6.87,8.29,5.46,-50.00,6.87,6.87
1300,6.56,7.80,5.31,-50.00,6.56,6.56
1301,6.52,7.72,5.31,-50.00,6.52,6.52
1302,6.65,7.67,5.63,-50.00,6.65,6.65
1303,6.80,7.75,5.86,-50.00,6.80,6.80
1304,6.72,7.83,5.61,-50.00,6.72,6.72
1305,6.89,8.19,5.59,-50.00,6.89,6.89
1306,6.88,8.04,5.72,-50.00,6.88,6.88
1307,6.81,7.92,5.71,-50.00,6.81,6.81
1308,6.83,8.71,4.96,-50.00,6.83,6.83
1309,6.82,8.43,5.21,-50.00,6.82,6.82
1310,6.87,8.66,5.07,-50.00,6.87,6.87
1311,7.06,9.14,4.98,-50.00,7.06,7.06
1312,6.90,8.87,4.93,-50.00,6.90,6.90
1313,6.74,8.62,4.86,-50.00,6.74,6.74
1314,6.58,8.42,4.73,-50.00,6.58,6.58
1315,6.46,8.16,4.76,-50.00,6.46,6.46
1316,6.31,7.98,4.65,-50.00,6.31,6.31
1317,6.11,7.77,4.45,-50.00,6.11,6.11
1318,5.93,7.52,4.34,-50.00,5.93,5.93
1319,5.79,7.32,4.25,-50.00,5.79,5.79
1320,5.64,7.15,4.13,-50.00,5.64,5.64
1321,5.50,7.01,3.99,-50.00,5.50,5.50
1322,5.35,6.89,3.82,-50.00,5.35,5.35
1323,5.24,6.93,3.55,-50.00,5.24,5.24
1324,5.07,6.84,3.31,-50.00,5.07,5.07
1325,4.90,6.77,3.04,-50.00,4.90,4.90
1326,4.73,6.73,2.74,-50.00,4.73,4.73
1327,4.88,6.30,3.45,-50.00,4.88,4.88
1328,4.77,6.18,3.36,-50.00,4.77,4.77
1329,5.10,6.26,3.94,-50.00,5.10,5.10
1330,5.03,6.22,3.84,-50.00,5.03,5.03
1331,5.11,6.23,3.98,-50.00,5.11,5.11
1332,5.03,6.09,3.96,-50.00,5.03,5.03
1333,4.93,6.08,3.79,-50.00,4.93,4.93
1334,4.85,5.88,3.82,-50.00,4.85,4.85
1335,5.12,6.16,4.08,-50.00,5.12,5.12
1336,4.99,5.98,4.01,-50.00,4.99,4.99
1337,4.88,5.91,3.84,-50.00,4.88,4.88
1338,4.82,5.96,3.68,-50.00,4.82,4.82
1339,5.09,6.06,4.12,-50.00,5.09,5.09
1340,4.87,5.77,3.96,-50.00,4.87,4.87
1341,4.69,5.56,3.83,-50.00,4.69,4.69
1342,4.67,5.56,3.79,-50.00,4.67,4.67
1343,4.67,5.47,3.86,-50.00,4.67,4.67
1344,4.74,5.53,3.95,-50.00,4.74,4.74
1345,4.89,5.82,3.97,-50.00,4.89,4.89
1346,4.82,5.82,3.82,-50.00,4.82,4.82
1347,4.87,5.94,3.79,-50.00,4.87,4.87
1348,5.16,6.20,4.12,-50.00,5.16,5.16
1349,5.17,6.09,4.24,-50.00,5.17,5.17
1350,5.16,6.03,4.30,-50.00,5.16,5.16
1351,5.15,5.96,4.34,-50.00,5.15,5.15
1352,5.20,6.08,4.32,-50.00,5.20,5.20
1353,5.36,6.64,4.09,-50.00,5.36,5.36
1354,5.52,6.90,4.14,-50.00,5.52,5.52
1355,5.56,6.79,4.32,-50.00,5.56,5.56
1356,5.64,6.85,4.44,-50.00,5.64,5.64
1357,5.72,6.88,4.57,-50.00,5.72,5.72
1358,5.71,6.80,4.63,-50.00,5.71,5.71
1359,5.78,6.85,4.71,-50.00,5.78,5.78
1360,5.71,6.86,4.57,-50.00,5.71,5.71
1361,5.82,6.97,4.68,-50.00,5.82,5.82
1362,5.81,6.95,4.68,-50.00,5.81,5.81
1363,5.85,6.96,4.73,-50.00,5.85,5.85
1364,5.91,6.97,4.85,-50.00,5.91,5.91
1365,6.02,7.03,5.00,-50.00,6.02,6.02
1366,5.89,6.93,4.84,-50.00,5.89,5.89
1367,6.04,6.96,5.12,-50.00,6.04,6.04
1368,6.09,6.97,5.22,-50.00,6.09,6.09
1369,6.18,7.05,5.31,-50.00,6.18,6.18
1370,6.26,7.12,5.40,-50.00,6.26,6.26
1371,6.28,7.09,5.48,-50.00,6.28,6.28
1372,6.46,7.16,5.76,-50.00,6.46,6.46
1373,6.54,7.24,5.84,-50.00,6.54,6.54
1374,6.63,7.31,5.95,-50.00,6.63,6.63
1375,6.67,7.37,5.97,-50.00,6.67,6.67
1376,6.66,7.41,5.92,-50.00,6.66,6.66
1377,6.73,7.48,5.98,-50.00,6.73,6.73
1378,6.76,7.53,5.99,-50.00,6.76,6.76
1379,6.80,7.60,6.01,-50.00,6.80,6.80
1380,6.84,7.66,6.03,-50.00,6.84,6.84
1381,6.83,7.69,5.97,-50.00,6.83,6.83
1382,6.80,7.73,5.86,-50.00,6.80,6.80
1383,6.71,7.59,5.83,-50.00,6.71,6.71
1384,6.66,7.32,5.99,-50.00,6.66,6.66
1385,6.68,7.36,6.00,-50.00,6.68,6.68
1386,6.72,7.28,6.16,-50.00,6.72,6.72
1387,6.69,7.20,6.18,-50.00,6.69,6.69
1388,6.64,7.13,6.15,-50.00,6.64,6.64
1389,6.70,7.13,6.27,-50.00,6.70,6.70
1390,6.70,7.15,6.25,-50.00,6.70,6.70
1391,6.72,7.16,6.29,-50.00,6.72,6.72
1392,6.73,7.15,6.31,-50.00,6.73,6.73
1393,6.57,7.09,6.06,-50.00,6.57,6.57
1394,6.94,7.77,6.11,-50.00,6.94,6.94
1395,6.94,7.76,6.12,-50.00,6.94,6.94
1396,6.95,7.82,6.07,-50.00,6.95,6.95
1397,7.18,8.11,6.26,-50.00,7.18,7.18
1398,7.40,8.43,6.37,-50.00,7.40,7.40
1399,7.43,8.53,6.33,-50.00,7.43,7.43
1400,7.27,8.38,6.17,-50.00,7.27,7.27
1401,7.19,8.34,6.03,-50.00,7.19,7.19
1402,7.21,8.37,6.05,-50.00,7.21,7.21
1403,7.18,8.44,5.91,-50.00,7.18,7.18
1404,6.98,8.47,5.49,-50.00,6.98,6.98
1405,7.07,8.44,5.70,-50.00,7.07,7.07
1406,7.07,8.30,5.83,-50.00,7.07,7.07
1407,7.07,8.23,5.91,-50.00,7.07,7.07
1408,7.07,8.14,6.00,-50.00,7.07,7.07
1409,7.06,8.05,6.08,-50.00,7.06,7.06
1410,7.08,7.99,6.16,-50.00,7.08,7.08
1411,7.10,7.95,6.24,-50.00,7.10,7.10
1412,7.10,7.90,6.29,-50.00,7.10,7.10
1413,7.10,7.89,6.32,-50.00,7.10,7.10
1414,7.21,7.99,6.43,-50.00,7.21,7.21
1415,7.15,7.91,6.38,-50.00,7.15,7.15
1416,7.13,7.86,6.40,-50.00,7.13,7.13
1417,7.10,7.84,6.36,-50.00,7.10,7.10
1418,7.16,7.90,6.42,-50.00,7.16,7.16
1419,7.11,7.96,6.26,-50.00,7.11,7.11
1420,7.14,7.93,6.35,-50.00,7.14,7.14
1421,7.13,7.88,6.37,-50.00,7.13,7.13
1422,7.12,7.88,6.36,-50.00,7.12,7.12
1423,7.14,7.90,6.38,-50.00,7.14,7.14
1424,7.26,8.03,6.49,-50.00,7.26,7.26
1425,7.10,7.71,6.49,-50.00,7.10,7.10
1426,7.08,7.70,6.45,-50.00,7.08,7.08
1427,7.05,7.68,6.43,-50.00,7.05,7.05
1428,6.91,7.50,6.31,-50.00,6.91,6.91
1429,6.72,7.26,6.17,-50.00,6.72,6.72
1430,6.71,7.26,6.17,-50.00,6.71,6.71
1431,6.67,7.24,6.10,-50.00,6.67,6.67
1432,6.56,7.18,5.94,-50.00,6.56,6.56
1433,6.70,7.32,6.08,-50.00,6.70,6.70
1434,6.75,7.35,6.15,-50.00,6.75,6.75
1435,6.75,7.35,6.15,-50.00,6.75,6.75
1436,6.84,7.41,6.26,-50.00,6.84,6.84
1437,6.92,7.53,6.31,-50.00,6.92,6.92
1438,6.94,7.54,6.33,-50.00,6.94,6.94
1439,6.84,7.43,6.25,-50.00,6.84,6.84
1440,6.91,7.51,6.31,-50.00,6.91,6.91
1441,6.83,7.43,6.23,-50.00,6.83,6.83
1442,6.77,7.37,6.17,-50.00,6.77,6.77
1443,6.68,7.32,6.04,-50.00,6.68,6.68
1444,6.57,7.25,5.90,-50.00,6.57,6.57
1445,6.45,7.14,5.76,-50.00,6.45,6.45
1446,6.47,7.19,5.75,-50.00,6.47,6.47
1447,6.43,7.16,5.71,-50.00,6.43,6.43
1448,6.47,7.18,5.75,-50.00,6.47,6.47
1449,6.41,7.09,5.72,-50.00,6.41,6.41
1450,6.56,7.24,5.87,-50.00,6.56,6.56
1451,6.46,7.09,5.82,-50.00,6.46,6.46
1452,6.45,7.07,5.83,-50.00,6.45,6.45
1453,6.47,7.08,5.86,-50.00,6.47,6.47
1454,6.42,7.04,5.80,-50.00,6.42,6.42
1455,6.38,7.02,5.74,-50.00,6.38,6.38
1456,6.33,6.99,5.67,-50.00,6.33,6.33
1457,6.22,6.92,5.52,-50.00,6.22,6.22
1458,6.20,6.91,5.49,-50.00,6.20,6.20
1459,6.32,7.03,5.60,-50.00,6.32,6.32
1460,6.34,7.10,5.59,-50.00,6.34,6.34
1461,6.40,7.12,5.68,-50.00,6.40,6.40
1462,6.34,7.09,5.58,-50.00,6.34,6.34
1463,6.23,7.12,5.35,-50.00,6.23,6.23
1464,6.10,6.97,5.24,-50.00,6.10,6.10
1465,6.04,6.81,5.28,-50.00,6.04,6.04
1466,5.99,6.73,5.26,-50.00,5.99,5.99
1467,5.95,6.69,5.21,-50.00,5.95,5.95
1468,5.88,6.48,5.27,-50.00,5.88,5.88
1469,5.99,6.63,5.36,-50.00,5.99,5.99
1470,6.13,6.84,5.42,-50.00,6.13,6.13
1471,6.09,6.85,5.33,-50.00,6.09,6.09
1472,6.23,7.11,5.35,-50.00,6.23,6.23
1473,6.24,7.12,5.36,-50.00,6.24,6.24
1474,6.36,7.19,5.52,-50.00,6.36,6.36
1475,6.52,7.32,5.72,-50.00,6.52,6.52
1476,6.57,7.29,5.85,-50.00,6.57,6.57
1477,6.56,7.25,5.86,-50.00,6.56,6.56
1478,6.62,7.31,5.93,-50.00,6.62,6.62
1479,6.56,7.26,5.86,-50.00,6.56,6.56
1480,6.64,7.41,5.88,-50.00,6.64,6.64
1481,6.60,7.43,5.77,-50.00,6.60,6.60
1482,6.59,7.39,5.79,-50.00,6.59,6.59
1483,6.58,7.44,5.71,-50.00,6.58,6.58
1484,6.47,7.34,5.60,-50.00,6.47,6.47
1485,6.55,7.41,5.69,-50.00,6.55,6.55
1486,6.59,7.39,5.79,-50.00,6.59,6.59
1487,6.53,7.28,5.77,-50.00,6.53,6.53
1488,6.62,7.32,5.91,-50.00,6.62,6.62
1489,6.52,7.24,5.80,-50.00,6.52,6.52
1490,6.44,7.15,5.73,-50.00,6.44,6.44
1491,6.41,7.10,5.72,-50.00,6.41,6.41
1492,6.34,7.03,5.65,-50.00,6.34,6.34
1493,6.33,7.06,5.60,-50.00,6.33,6.33
1494,6.45,7.19,5.71,-50.00,6.45,6.45
1495,6.45,7.26,5.63,-50.00,6.45,6.45
1496,6.38,7.26,5.51,-50.00,6.38,6.38
1497,6.36,7.29,5.42,-50.00,6.36,6.36
1498,6.34,7.36,5.32,-50.00,6.34,6.34
1499,6.30,7.30,5.30,-50.00,6.30,6.30
1500,6.17,7.17,5.18,-50.00,6.17,6.17
1501,6.07,6.96,5.19,-50.00,6.07,6.07
1502,6.01,6.85,5.17,-50.00,6.01,6.01
1503,5.80,6.60,5.00,-50.00,5.80,5.80
1504,5.73,6.55,4.91,-50.00,5.73,5.73
1505,5.68,6.45,4.92,-50.00,5.68,5.68
1506,5.59,6.28,4.90,-50.00,5.59,5.59
1507,5.63,6.31,4.95,-50.00,5.63,5.63
1508,5.62,6.32,4.92,-50.00,5.62,5.62
1509,5.54,6.21,4.87,-50.00,5.54,5.54
1510,5.56,6.21,4.91,-50.00,5.56,5.56
1511,5.38,5.95,4.81,-50.00,5.38,5.38
1512,5.31,5.80,4.82,-50.00,5.31,5.31
1513,5.32,5.81,4.83,-50.00,5.32,5.32
1514,5.23,5.66,4.80,-50.00,5.23,5.23
1515,5.26,5.69,4.84,-50.00,5.26,5.26
1516,5.21,5.62,4.80,-50.00,5.21,5.21
1517,5.16,5.58,4.75,-50.00,5.16,5.16
1518,5.20,5.56,4.84,-50.00,5.20,5.20
1519,5.20,5.56,4.84,-50.00,5.20,5.20
1520,5.37,5.81,4.93,-50.00,5.37,5.37
1521,5.36,5.80,4.92,-50.00,5.36,5.36
1522,5.34,5.79,4.90,-50.00,5.34,5.34
1523,5.31,5.74,4.87,-50.00,5.31,5.31
1524,5.23,5.70,4.76,-50.00,5.23,5.23
1525,5.06,5.58,4.53,-50.00,5.06,5.06
1526,5.07,5.60,4.54,-50.00,5.07,5.07
1527,5.15,5.69,4.62,-50.00,5.15,5.15
1528,5.06,5.66,4.47,-50.00,5.06,5.06
1529,5.09,5.69,4.49,-50.00,5.09,5.09
1530,5.16,5.77,4.56,-50.00,5.16,5.16
1531,5.16,5.77,4.54,-50.00,5.16,5.16
1532,5.16,5.76,4.56,-50.00,5.16,5.16
1533,5.05,5.69,4.42,-50.00,5.05,5.05
1534,5.04,5.73,4.35,-50.00,5.04,5.04
1535,5.04,5.75,4.33,-50.00,5.04,5.04
1536,5.00,5.70,4.31,-50.00,5.00,5.00
1537,5.03,5.71,4.35,-50.00,5.03,5.03
1538,4.89,5.60,4.18,-50.00,4.89,4.89
1539,4.86,5.61,4.12,-50.00,4.86,4.86
1540,4.95,5.68,4.22,-50.00,4.95,4.95
1541,4.80,5.57,4.04,-50.00,4.80,4.80
1542,5.01,5.81,4.21,-50.00,5.01,5.01
1543,4.95,5.75,4.16,-50.00,4.95,4.95
1544,5.06,5.89,4.23,-50.00,5.06,5.06
1545,5.13,5.99,4.28,-50.00,5.13,5.13
1546,5.18,6.07,4.30,-50.00,5.18,5.18
1547,5.23,6.17,4.28,-50.00,5.23,5.23
1548,5.31,6.31,4.31,-50.00,5.31,5.31
1549,5.33,6.30,4.35,-50.00,5.33,5.33
1550,5.26,6.22,4.31,-50.00,5.26,5.26
1551,5.25,6.31,4.18,-50.00,5.25,5.25
1552,5.24,6.31,4.18,-50.00,5.24,5.24
1553,5.26,6.33,4.18,-50.00,5.26,5.26
1554,5.35,6.45,4.24,-50.00,5.35,5.35
1555,5.40,6.38,4.42,-50.00,5.40,5.40
1556,5.51,6.38,4.64,-50.00,5.51,5.51
1557,5.52,6.38,4.66,-50.00,5.52,5.52
1558,5.50,6.42,4.59,-50.00,5.50,5.50
1559,5.70,6.58,4.82,-50.00,5.70,5.70
1560,5.74,6.66,4.81,-50.00,5.74,5.74
1561,5.61,6.54,4.68,-50.00,5.61,5.61
1562,5.73,6.67,4.79,-50.00,5.73,5.73
1563,5.75,6.76,4.74,-50.00,5.75,5.75
1564,5.89,6.81,4.96,-50.00,5.89,5.89
1565,6.08,6.98,5.19,-50.00,6.08,6.08
1566,6.13,6.98,5.28,-50.00,6.13,6.13
1567,6.19,7.06,5.32,-50.00,6.19,6.19
1568,6.13,6.99,5.27,-50.00,6.13,6.13
1569,6.24,7.01,5.47,-50.00,6.24,6.24
1570,6.23,6.97,5.48,-50.00,6.23,6.23
1571,6.17,6.91,5.44,-50.00,6.17,6.17
1572,6.31,7.00,5.62,-50.00,6.31,6.31
1573,6.17,6.77,5.58,-50.00,6.17,6.17
1574,6.24,6.84,5.64,-50.00,6.24,6.24
1575,6.18,6.71,5.65,-50.00,6.18,6.18
1576,6.25,6.84,5.66,-50.00,6.25,6.25
1577,6.29,6.92,5.65,-50.00,6.29,6.29
1578,6.13,6.78,5.49,-50.00,6.13,6.13
1579,6.18,6.96,5.39,-50.00,6.18,6.18
1580,6.16,6.89,5.43,-50.00,6.16,6.16
1581,6.28,6.94,5.63,-50.00,6.28,6.28
1582,6.09,6.76,5.42,-50.00,6.09,6.09
1583,6.09,6.76,5.43,-50.00,6.09,6.09
1584,6.13,6.80,5.46,-50.00,6.13,6.13
1585,6.16,6.80,5.51,-50.00,6.16,6.16
1586,6.35,7.04,5.67,-50.00,6.35,6.35
1587,6.38,7.06,5.71,-50.00,6.38,6.38
1588,6.47,7.15,5.79,-50.00,6.47,6.47
1589,6.54,7.22,5.86,-50.00,6.54,6.54
1590,6.45,7.13,5.77,-50.00,6.45,6.45
1591,6.44,7.09,5.80,-50.00,6.44,6.44
1592,6.45,7.10,5.81,-50.00,6.45,6.45
1593,6.41,7.07,5.75,-50.00,6.41,6.41
1594,6.37,7.01,5.72,-50.00,6.37,6.37
1595,6.29,6.95,5.63,-50.00,6.29,6.29
1596,6.22,6.88,5.55,-50.00,6.22,6.22
1597,6.43,7.23,5.63,-50.00,6.43,6.43
1598,6.41,7.18,5.65,-50.00,6.41,6.41
1599,6.45,7.20,5.70,-50.00,6.45,6.45
1600,6.40,7.15,5.65,-50.00,6.40,6.40
1601,6.23,7.08,5.37,-50.00,6.23,6.23
1602,6.21,7.08,5.35,-50.00,6.21,6.21
1603,6.25,7.11,5.39,-50.00,6.25,6.25
1604,6.39,7.26,5.52,-50.00,6.39,6.39
1605,6.39,7.31,5.48,-50.00,6.39,6.39
1606,6.32,7.24,5.39,-50.00,6.32,6.32
1607,6.20,7.08,5.32,-50.00,6.20,6.20
1608,6.05,6.94,5.16,-50.00,6.05,6.05
1609,6.05,6.98,5.13,-50.00,6.05,6.05
1610,6.05,6.91,5.19,-50.00,6.05,6.05
1611,6.16,7.02,5.30,-50.00,6.16,6.16
1612,6.15,7.04,5.26,-50.00,6.15,6.15
1613,6.25,7.13,5.37,-50.00,6.25,6.25
1614,6.22,7.15,5.29,-50.00,6.22,6.22
1615,6.18,7.16,5.21,-50.00,6.18,6.18
1616,6.12,7.13,5.11,-50.00,6.12,6.12
1617,6.03,6.94,5.12,-50.00,6.03,6.03
1618,6.15,7.06,5.24,-50.00,6.15,6.15
1619,6.21,7.14,5.27,-50.00,6.21,6.21
1620,6.19,7.18,5.20,-50.00,6.19,6.19
1621,6.22,7.26,5.18,-50.00,6.22,6.22
1622,6.21,7.24,5.19,-50.00,6.21,6.21
1623,6.25,7.23,5.28,-50.00,6.25,6.25
1624,6.22,7.14,5.30,-50.00,6.22,6.22
1625,6.27,7.18,5.36,-50.00,6.27,6.27
1626,6.19,7.13,5.25,-50.00,6.19,6.19
1627,6.07,7.02,5.12,-50.00,6.07,6.07
1628,5.78,6.60,4.95,-50.00,5.78,5.78
1629,5.79,6.62,4.96,-50.00,5.79,5.79
1630,5.83,6.67,4.99,-50.00,5.83,5.83
1631,6.08,7.06,5.10,-50.00,6.08,6.08
1632,6.20,7.09,5.31,-50.00,6.20,6.20
1633,6.23,7.16,5.30,-50.00,6.23,6.23
1634,6.21,7.13,5.29,-50.00,6.21,6.21
1635,6.08,6.97,5.20,-50.00,6.08,6.08
1636,6.07,6.91,5.22,-50.00,6.07,6.07
1637,6.09,6.92,5.26,-50.00,6.09,6.09
1638,6.04,6.89,5.18,-50.00,6.04,6.04
1639,6.15,7.01,5.29,-50.00,6.15,6.15
1640,6.26,7.14,5.39,-50.00,6.26,6.26
1641,6.15,6.95,5.35,-50.00,6.15,6.15
1642,6.08,6.90,5.27,-50.00,6.08,6.08
1643,6.04,6.83,5.26,-50.00,6.04,6.04
1644,6.03,6.84,5.21,-50.00,6.03,6.03
1645,6.05,6.92,5.18,-50.00,6.05,6.05
1646,6.17,7.00,5.34,-50.00,6.17,6.17
1647,6.10,6.92,5.28,-50.00,6.10,6.10
1648,6.09,6.91,5.27,-50.00,6.09,6.09
1649,6.02,6.81,5.24,-50.00,6.02,6.02
1650,5.86,6.63,5.09,-50.00,5.86,5.86
1651,5.74,6.49,5.00,-50.00,5.74,5.74
1652,5.68,6.41,4.96,-50.00,5.68,5.68
1653,5.63,6.37,4.90,-50.00,5.63,5.63
1654,5.65,6.38,4.92,-50.00,5.65,5.65
1655,5.71,6.44,4.97,-50.00,5.71,5.71
1656,5.58,6.34,4.82,-50.00,5.58,5.58
1657,5.64,6.42,4.86,-50.00,5.64,5.64
1658,5.74,6.53,4.95,-50.00,5.74,5.74
1659,5.75,6.65,4.85,-50.00,5.75,5.75
1660,5.70,6.63,4.76,-50.00,5.70,5.70
1661,5.66,6.51,4.81,-50.00,5.66,5.66
1662,5.51,6.12,4.91,-50.00,5.51,5.51
1663,5.55,6.17,4.94,-50.00,5.55,5.55
1664,5.48,6.11,4.85,-50.00,5.48,5.48
1665,5.43,6.05,4.81,-50.00,5.43,5.43
1666,5.35,5.96,4.74,-50.00,5.35,5.35
1667,5.38,5.98,4.78,-50.00,5.38,5.38
1668,5.37,5.98,4.77,-50.00,5.37,5.37
1669,5.34,6.03,4.65,-50.00,5.34,5.34
1670,5.32,5.98,4.66,-50.00,5.32,5.32
1671,5.31,5.94,4.67,-50.00,5.31,5.31
1672,5.28,5.90,4.67,-50.00,5.28,5.28
1673,5.22,5.83,4.61,-50.00,5.22,5.22
1674,5.32,5.95,4.68,-50.00,5.32,5.32
1675,5.45,6.14,4.76,-50.00,5.45,5.45
1676,5.53,6.22,4.84,-50.00,5.53,5.53
1677,5.38,6.05,4.71,-50.00,5.38,5.38
1678,5.40,6.06,4.75,-50.00,5.40,5.40
1679,5.37,6.03,4.71,-50.00,5.37,5.37
1680,5.24,5.91,4.57,-50.00,5.24,5.24
1681,5.22,5.88,4.56,-50.00,5.22,5.22
1682,5.19,5.85,4.53,-50.00,5.19,5.19
1683,5.29,5.96,4.62,-50.00,5.29,5.29
1684,5.41,6.12,4.70,-50.00,5.41,5.41
1685,5.30,6.02,4.59,-50.00,5.30,5.30
1686,5.21,5.92,4.50,-50.00,5.21,5.21
1687,5.21,5.92,4.50,-50.00,5.21,5.21
1688,5.29,6.00,4.58,-50.00,5.29,5.29
1689,5.22,5.94,4.50,-50.00,5.22,5.22
1690,5.28,6.00,4.55,-50.00,5.28,5.28
1691,5.24,6.01,4.47,-50.00,5.24,5.24
1692,5.17,5.93,4.41,-50.00,5.17,5.17
1693,5.10,5.78,4.42,-50.00,5.10,5.10
1694,5.13,5.81,4.45,-50.00,5.13,5.13
1695,5.17,5.88,4.46,-50.00,5.17,5.17
1696,5.16,5.90,4.42,-50.00,5.16,5.16
1697,5.16,5.94,4.37,-50.00,5.16,5.16
1698,5.19,5.95,4.43,-50.00,5.19,5.19
1699,5.19,5.95,4.43,-50.00,5.19,5.19
1700,5.27,6.03,4.52,-50.00,5.27,5.27
1701,5.24,5.99,4.48,-50.00,5.24,5.24
1702,5.33,6.07,4.58,-50.00,5.33,5.33
1703,5.37,6.11,4.62,-50.00,5.37,5.37
1704,5.49,6.23,4.75,-50.00,5.49,5.49
1705,5.32,6.04,4.59,-50.00,5.32,5.32
1706,5.32,6.12,4.52,-50.00,5.32,5.32
1707,5.35,6.24,4.46,-50.00,5.35,5.35
1708,5.39,6.29,4.49,-50.00,5.39,5.39
1709,5.47,6.45,4.49,-50.00,5.47,5.47
1710,5.49,6.45,4.52,-50.00,5.49,5.49
1711,5.51,6.32,4.71,-50.00,5.51,5.51
1712,5.53,6.27,4.79,-50.00,5.53,5.53
1713,5.60,6.32,4.87,-50.00,5.60,5.60
1714,5.55,6.30,4.80,-50.00,5.55,5.55
1715,5.47,6.29,4.65,-50.00,5.47,5.47
1716,5.58,6.33,4.82,-50.00,5.58,5.58
1717,5.61,6.32,4.91,-50.00,5.61,5.61
1718,5.70,6.33,5.08,-50.00,5.70,5.70
1719,5.70,6.36,5.04,-50.00,5.70,5.70
1720,5.82,6.47,5.18,-50.00,5.82,5.82
1721,5.86,6.47,5.24,-50.00,5.86,5.86
1722,6.08,6.74,5.43,-50.00,6.08,6.08
1723,6.19,6.82,5.56,-50.00,6.19,6.19
1724,6.12,6.76,5.49,-50.00,6.12,6.12
1725,6.06,6.73,5.40,-50.00,6.06,6.06
1726,6.03,6.67,5.38,-50.00,6.03,6.03
1727,5.98,6.61,5.35,-50.00,5.98,5.98
1728,5.95,6.56,5.33,-50.00,5.95,5.95
1729,6.01,6.62,5.39,-50.00,6.01,6.01
1730,6.03,6.65,5.42,-50.00,6.03,6.03
1731,6.01,6.65,5.37,-50.00,6.01,6.01
1732,6.10,6.73,5.46,-50.00,6.10,6.10
1733,6.11,6.74,5.49,-50.00,6.11,6.11
1734,6.13,6.76,5.49,-50.00,6.13,6.13
1735,6.05,6.69,5.41,-50.00,6.05,6.05
1736,6.16,6.77,5.55,-50.00,6.16,6.16
1737,6.01,6.60,5.43,-50.00,6.01,6.01
1738,6.05,6.68,5.42,-50.00,6.05,6.05
1739,5.95,6.59,5.30,-50.00,5.95,5.95
1740,5.76,6.44,5.08,-50.00,5.76,5.76
1741,5.74,6.42,5.05,-50.00,5.74,5.74
1742,5.78,6.48,5.09,-50.00,5.78,5.78
1743,5.89,6.59,5.19,-50.00,5.89,5.89
1744,5.85,6.55,5.14,-50.00,5.85,5.85
1745,5.86,6.56,5.17,-50.00,5.86,5.86
1746,6.01,6.73,5.28,-50.00,6.01,6.01
1747,5.99,6.71,5.26,-50.00,5.99,5.99
1748,5.95,6.69,5.21,-50.00,5.95,5.95
1749,6.04,6.78,5.29,-50.00,6.04,6.04
1750,6.00,6.74,5.25,-50.00,6.00,6.00
1751,5.89,6.64,5.13,-50.00,5.89,5.89
1752,5.94,6.69,5.18,-50.00,5.94,5.94
1753,5.71,6.46,4.97,-50.00,5.71,5.71
1754,5.67,6.41,4.94,-50.00,5.67,5.67
1755,5.72,6.45,4.99,-50.00,5.72,5.72
1756,5.82,6.53,5.11,-50.00,5.82,5.82
1757,5.85,6.56,5.13,-50.00,5.85,5.85
1758,5.93,6.64,5.21,-50.00,5.93,5.93
1759,5.91,6.64,5.18,-50.00,5.91,5.91
1760,5.90,6.61,5.18,-50.00,5.90,5.90
1761,5.87,6.59,5.16,-50.00,5.87,5.87
1762,5.93,6.64,5.21,-50.00,5.93,5.93
1763,5.83,6.55,5.12,-50.00,5.83,5.83
1764,5.83,6.56,5.10,-50.00,5.83,5.83
1765,5.75,6.48,5.02,-50.00,5.75,5.75
1766,5.93,6.75,5.12,-50.00,5.93,5.93
1767,5.88,6.69,5.07,-50.00,5.88,5.88
1768,5.94,6.74,5.14,-50.00,5.94,5.94
1769,5.86,6.68,5.04,-50.00,5.86,5.86
1770,5.92,6.67,5.17,-50.00,5.92,5.92
1771,6.04,6.71,5.38,-50.00,6.04,6.04
1772,6.08,6.74,5.42,-50.00,6.08,6.08
1773,6.10,6.76,5.45,-50.00,6.10,6.10
1774,6.05,6.70,5.41,-50.00,6.05,6.05
1775,5.97,6.70,5.24,-50.00,5.97,5.97
1776,6.00,6.72,5.29,-50.00,6.00,6.00
1777,5.89,6.51,5.26,-50.00,5.89,5.89
1778,5.89,6.51,5.26,-50.00,5.89,5.89
1779,5.96,6.57,5.35,-50.00,5.96,5.96
1780,5.82,6.43,5.21,-50.00,5.82,5.82
1781,5.85,6.46,5.24,-50.00,5.85,5.85
1782,6.00,6.61,5.38,-50.00,6.00,6.00
1783,5.91,6.53,5.29,-50.00,5.91,5.91
1784,6.04,6.62,5.46,-50.00,6.04,6.04
1785,6.06,6.64,5.48,-50.00,6.06,6.06
1786,6.06,6.64,5.48,-50.00,6.06,6.06
1787,6.13,6.74,5.53,-50.00,6.13,6.13
1788,6.10,6.71,5.49,-50.00,6.10,6.10
1789,6.06,6.67,5.46,-50.00,6.06,6.06
1790,6.22,6.87,5.57,-50.00,6.22,6.22
1791,6.09,6.75,5.43,-50.00,6.09,6.09
1792,6.02,6.71,5.32,-50.00,6.02,6.02
1793,6.07,6.77,5.37,-50.00,6.07,6.07
1794,6.11,6.80,5.41,-50.00,6.11,6.11
1795,6.07,6.74,5.39,-50.00,6.07,6.07
1796,6.06,6.74,5.38,-50.00,6.06,6.06
1797,5.79,6.46,5.13,-50.00,5.79,5.79
1798,5.81,6.48,5.14,-50.00,5.81,5.81
1799,5.72,6.41,5.03,-50.00,5.72,5.72
1800,5.66,6.37,4.96,-50.00,5.66,5.66
1801,5.71,6.41,5.01,-50.00,5.71,5.71
1802,5.67,6.39,4.96,-50.00,5.67,5.67
1803,5.66,6.37,4.95,-50.00,5.66,5.66
1804,5.69,6.41,4.98,-50.00,5.69,5.69
1805,5.79,6.52,5.07,-50.00,5.79,5.79
1806,5.88,6.60,5.16,-50.00,5.88,5.88
1807,5.85,6.54,5.17,-50.00,5.85,5.85
1808,5.81,6.48,5.13,-50.00,5.81,5.81
1809,5.79,6.47,5.11,-50.00,5.79,5.79
1810,5.70,6.41,4.99,-50.00,5.70,5.70
1811,5.74,6.47,5.00,-50.00,5.74,5.74
1812,5.76,6.47,5.05,-50.00,5.76,5.76
1813,5.62,6.30,4.93,-50.00,5.62,5.62
1814,5.60,6.32,4.88,-50.00,5.60,5.60
1815,5.58,6.28,4.88,-50.00,5.58,5.58
1816,5.48,6.20,4.76,-50.00,5.48,5.48
1817,5.41,6.15,4.66,-50.00,5.41,5.41
1818,5.31,5.98,4.64,-50.00,5.31,5.31
1819,5.30,5.99,4.61,-50.00,5.30,5.30
1820,5.23,5.92,4.53,-50.00,5.23,5.23
1821,5.05,5.64,4.46,-50.00,5.05,5.05
1822,5.07,5.68,4.47,-50.00,5.07,5.07
1823,5.14,5.76,4.51,-50.00,5.14,5.14
1824,4.94,5.57,4.32,-50.00,4.94,4.94
1825,4.96,5.57,4.36,-50.00,4.96,4.96
1826,4.90,5.45,4.35,-50.00,4.90,4.90
1827,5.03,5.62,4.44,-50.00,5.03,5.03
1828,5.15,5.71,4.58,-50.00,5.15,5.15
1829,5.15,5.71,4.60,-50.00,5.15,5.15
1830,5.25,5.82,4.69,-50.00,5.25,5.25
1831,5.37,5.96,4.79,-50.00,5.37,5.37
1832,5.34,5.92,4.76,-50.00,5.34,5.34
1833,5.41,6.00,4.82,-50.00,5.41,5.41
1834,5.46,6.09,4.84,-50.00,5.46,5.46
1835,5.44,6.06,4.82,-50.00,5.44,5.44
1836,5.37,6.03,4.72,-50.00,5.37,5.37
1837,5.34,5.97,4.71,-50.00,5.34,5.34
1838,5.34,6.02,4.65,-50.00,5.34,5.34
1839,5.38,6.11,4.64,-50.00,5.38,5.38
1840,5.44,6.22,4.66,-50.00,5.44,5.44
1841,5.47,6.17,4.77,-50.00,5.47,5.47
1842,5.48,6.16,4.79,-50.00,5.48,5.48
1843,5.44,6.18,4.71,-50.00,5.44,5.44
1844,5.47,6.14,4.80,-50.00,5.47,5.47
1845,5.46,6.08,4.84,-50.00,5.46,5.46
1846,5.50,6.18,4.83,-50.00,5.50,5.50
1847,5.48,6.10,4.86,-50.00,5.48,5.48
1848,5.44,6.05,4.82,-50.00,5.44,5.44
1849,5.45,6.07,4.84,-50.00,5.45,5.45
1850,5.58,6.23,4.94,-50.00,5.58,5.58
1851,5.67,6.32,5.03,-50.00,5.67,5.67
1852,5.77,6.41,5.14,-50.00,5.77,5.77
1853,5.84,6.47,5.21,-50.00,5.84,5.84
1854,5.87,6.50,5.25,-50.00,5.87,5.87
1855,6.06,6.64,5.48,-50.00,6.06,6.06
1856,6.07,6.65,5.49,-50.00,6.07,6.07
1857,6.08,6.69,5.48,-50.00,6.08,6.08
1858,6.01,6.58,5.45,-50.00,6.01,6.01
1859,6.00,6.57,5.43,-50.00,6.00,6.00
1860,6.03,6.60,5.46,-50.00,6.03,6.03
1861,5.94,6.52,5.36,-50.00,5.94,5.94
1862,5.89,6.45,5.33,-50.00,5.89,5.89
1863,5.95,6.52,5.38,-50.00,5.95,5.95
1864,5.96,6.54,5.37,-50.00,5.96,5.96
1865,5.86,6.44,5.28,-50.00,5.86,5.86
1866,5.83,6.41,5.26,-50.00,5.83,5.83
1867,5.88,6.50,5.26,-50.00,5.88,5.88
1868,5.93,6.51,5.35,-50.00,5.93,5.93
1869,5.86,6.44,5.28,-50.00,5.86,5.86
1870,5.76,6.35,5.17,-50.00,5.76,5.76
1871,5.69,6.28,5.11,-50.00,5.69,5.69
1872,5.71,6.29,5.14,-50.00,5.71,5.71
1873,5.72,6.29,5.15,-50.00,5.72,5.72
1874,5.67,6.25,5.10,-50.00,5.67,5.67
1875,5.79,6.38,5.20,-50.00,5.79,5.79
1876,5.92,6.50,5.33,-50.00,5.92,5.92
1877,5.78,6.39,5.17,-50.00,5.78,5.78
1878,5.86,6.46,5.25,-50.00,5.86,5.86
1879,6.04,6.64,5.45,-50.00,6.04,6.04
1880,6.02,6.65,5.40,-50.00,6.02,6.02
1881,5.94,6.51,5.37,-50.00,5.94,5.94
1882,5.90,6.45,5.35,5.61,5.90,5.90
1883,5.83,6.37,5.30,5.74,5.83,5.83
1884,5.88,6.42,5.35,5.76,5.88,5.88
1885,5.91,6.45,5.38,5.85,5.91,5.91
1886,5.88,6.42,5.34,5.90,5.88,5.88
1887,5.94,6.52,5.35,5.91,5.94,5.94
1888,6.01,6.62,5.41,5.94,6.01,6.01
1889,5.97,6.57,5.38,6.00,5.97,5.97
1890,5.99,6.58,5.41,6.05,5.99,5.99
1891,5.97,6.57,5.38,6.09,5.97,5.97
1892,6.05,6.61,5.48,6.11,6.05,6.05
1893,6.07,6.65,5.48,6.13,6.07,6.07
1894,6.00,6.59,5.41,6.13,6.00,6.00
1895,5.98,6.58,5.37,6.10,5.98,5.98
1896,6.09,6.71,5.46,6.16,6.09,6.09
1897,6.15,6.72,5.58,6.24,6.15,6.15
1898,6.09,6.69,5.49,6.21,6.09,6.09
1899,6.14,6.74,5.54,6.32,6.14,6.14
1900,6.20,6.79,5.62,6.31,6.20,6.20
1901,6.22,6.72,5.71,6.35,6.22,6.22
1902,6.27,6.76,5.77,6.32,6.27,6.27
1903,6.31,6.78,5.84,6.36,6.31,6.31
1904,6.35,6.83,5.87,6.36,6.35,6.35
1905,6.40,6.86,5.93,6.38,6.40,6.40
1906,6.34,6.81,5.87,6.27,6.34,6.34
1907,6.33,6.82,5.85,6.21,6.33,6.33
1908,6.51,6.94,6.08,6.32,6.51,6.51
1909,6.48,6.92,6.04,6.28,6.49,6.48
1910,6.38,6.81,5.95,6.21,6.39,6.38
1911,6.33,6.76,5.90,6.17,6.34,6.33
1912,6.32,6.77,5.86,6.22,6.32,6.32
1913,6.30,6.79,5.82,6.22,6.29,6.30
1914,6.35,6.85,5.86,6.24,6.32,6.35
1915,6.40,6.86,5.95,6.28,6.35,6.40
1916,6.37,6.83,5.92,6.33,6.31,6.37
1917,6.34,6.80,5.89,6.35,6.25,6.34
1918,6.27,6.70,5.84,6.26,6.17,6.27
1919,6.22,6.63,5.81,6.16,6.10,6.22
1920,6.28,6.69,5.87,6.18,6.15,6.28
1921,6.22,6.67,5.78,6.12,6.07,6.22
1922,6.27,6.72,5.82,6.14,6.11,6.27
1923,6.32,6.77,5.86,6.26,6.14,6.32
1924,6.30,6.75,5.84,6.28,6.10,6.30
1925,6.28,6.75,5.81,6.30,6.06,6.28
1926,6.32,6.79,5.84,6.40,6.08,6.30
1927,6.32,6.83,5.82,6.47,6.06,6.29
1928,6.36,6.87,5.85,6.44,6.08,6.30
1929,6.38,6.92,5.85,6.47,6.08,6.30
1930,6.38,6.94,5.81,6.40,6.06,6.29
1931,6.42,7.05,5.79,6.41,6.08,6.32
1932,6.47,7.01,5.93,6.43,6.11,6.36
1933,6.47,7.03,5.92,6.44,6.10,6.36
1934,6.44,6.98,5.90,6.41,6.06,6.33
1935,6.50,7.04,5.96,6.38,6.11,6.38
1936,6.55,7.12,5.98,6.39,6.15,6.41
1937,6.55,7.09,6.02,6.44,6.14,6.39
1938,6.55,7.11,6.00,6.53,6.13,6.35
1939,6.55,7.17,5.93,6.51,6.11,6.31
1940,6.68,7.27,6.08,6.67,6.22,6.41
1941,6.76,7.34,6.18,6.77,6.27,6.46
1942,6.80,7.33,6.27,6.76,6.29,6.47
1943,6.88,7.39,6.36,6.81,6.34,6.52
1944,7.02,7.60,6.45,6.89,6.46,6.63
1945,7.10,7.71,6.49,6.99,6.52,6.68
1946,7.06,7.72,6.40,6.98,6.46,6.61
1947,7.09,7.71,6.46,7.00,6.48,6.62
1948,7.12,7.72,6.53,7.04,6.49,6.63
1949,7.19,7.76,6.62,7.08,6.55,6.67
1950,7.13,7.67,6.60,7.08,6.48,6.59
1951,7.18,7.73,6.63,7.14,6.51,6.62
1952,7.31,7.80,6.83,7.24,6.62,6.72
1953,7.32,7.82,6.83,7.26,6.61,6.71
1954,7.29,7.79,6.79,7.19,6.55,6.65
1955,7.27,7.75,6.79,7.14,6.51,6.60
1956,7.39,7.82,6.95,7.17,6.60,6.69
1957,7.40,7.83,6.96,7.21,6.58,6.66
1958,7.38,7.82,6.94,7.14,6.53,6.60
1959,7.40,7.84,6.95,7.17,6.53,6.58
1960,7.39,7.84,6.95,7.22,6.49,6.53
1961,7.41,7.84,6.98,7.26,6.49,6.50
1962,7.45,7.94,6.97,7.35,6.51,6.49
1963,7.48,7.92,7.05,7.42,6.52,6.48
1964,7.53,7.97,7.09,7.47,6.55,6.47
1965,7.58,7.98,7.18,7.53,6.58,6.46
1966,7.58,7.98,7.18,7.58,6.57,6.42
1967,7.63,8.06,7.20,7.62,6.61,6.43
1968,7.68,8.09,7.27,7.65,6.64,6.45
1969,7.61,8.06,7.16,7.54,6.56,6.36
1970,7.60,8.05,7.15,7.56,6.53,6.33
1971,7.55,8.00,7.10,7.52,6.47,6.26
1972,7.59,8.05,7.14,7.52,6.50,6.28
1973,7.56,8.05,7.08,7.59,6.47,6.22
1974,7.63,8.11,7.14,7.61,6.54,6.27
1975,7.67,8.22,7.12,7.62,6.57,6.29
1976,7.65,8.22,7.07,7.64,6.55,6.25
1977,7.70,8.31,7.09,7.69,6.59,6.28
1978,7.75,8.35,7.14,7.70,6.63,6.32
1979,7.76,8.36,7.17,7.70,6.62,6.32
1980,7.76,8.35,7.17,7.77,6.61,6.30
1981,7.83,8.32,7.33,7.84,6.67,6.35
1982,7.83,8.33,7.32,7.86,6.66,6.33
1983,7.89,8.46,7.32,7.93,6.71,6.37
1984,7.94,8.54,7.34,7.99,6.76,6.40
1985,7.95,8.52,7.37,8.01,6.77,6.38
1986,8.05,8.57,7.53,8.13,6.87,6.47
1987,8.12,8.69,7.55,8.22,6.95,6.52
1988,8.13,8.69,7.57,8.17,6.98,6.52
1989,8.18,8.78,7.58,8.21,7.04,6.57
1990,8.18,8.76,7.60,8.24,7.05,6.57
1991,8.20,8.77,7.63,8.24,7.08,6.59
1992,8.22,8.78,7.66,8.26,7.11,6.62
1993,8.20,8.78,7.61,8.29,7.09,6.60
1994,8.28,8.83,7.73,8.33,7.18,6.69
1995,8.30,8.86,7.74,8.35,7.21,
